Unnamed: 0,name,tradingsymbol_nan,instrument_token_nan,LTP_nan,tradingsymbol_MAY,instrument_token_MAY,LTP_MAY,TOP BID_MAY,TOP ASK_MAY,tradingsymbol_JUN,instrument_token_JUN,LTP_JUN,TOP BID_JUN,TOP ASK_JUN,tradingsymbol_JUL,instrument_token_JUL,LTP_JUL,TOP BID_JUL,TOP ASK_JUL,TOP BID_nan,TOP ASK_nan
0,ABB,ABB,3329,6977.0,ABB25MAYFUT,14626818,7034.35,7027.32,7041.38,ABB25JUNFUT,14537730,7091.69,7084.6,7098.78,ABB25JULFUT,13624066,7149.04,7141.89,7156.19,6970.02,6983.98
1,ABCAPITAL,ABCAPITAL,5533185,391.9,ABCAPITAL25MAYFUT,14627074,395.12,394.72,395.52,ABCAPITAL25JUNFUT,14537986,398.34,397.94,398.74,ABCAPITAL25JULFUT,13624322,401.56,401.16,401.96,391.51,392.29
2,ABFRL,ABFRL,7707649,59.96,ABFRL25MAYFUT,14627330,60.45,60.39,60.51,ABFRL25JUNFUT,14539266,60.95,60.89,61.01,ABFRL25JULFUT,13624578,61.44,61.38,61.5,59.9,60.02
3,ACC,ACC,5633,1335.5,ACC25MAYFUT,14627586,1346.48,1345.13,1347.83,ACC25JUNFUT,14539522,1357.45,1356.09,1358.81,ACC25JULFUT,13624834,1368.43,1367.06,1369.8,1334.16,1336.84
4,ADANIENSOL,ADANIENSOL,2615553,1506.0,ADANIENSOL25MAYFUT,14627842,1518.38,1516.86,1519.9,ADANIENSOL25JUNFUT,14540290,1530.76,1529.23,1532.29,ADANIENSOL25JULFUT,13625090,1543.13,1541.59,1544.67,1504.49,1507.51
5,ADANIENT,ADANIENT,6401,3040.3,ADANIENT25MAYFUT,14628098,3065.29,3062.22,3068.36,ADANIENT25JUNFUT,14540546,3090.28,3087.19,3093.37,ADANIENT25JULFUT,13625346,3115.27,3112.15,3118.39,3037.26,3043.34
6,ADANIGREEN,ADANIGREEN,912129,1525.9,ADANIGREEN25MAYFUT,14628354,1538.44,1536.9,1539.98,ADANIGREEN25JUNFUT,14540802,1550.98,1549.43,1552.53,ADANIGREEN25JULFUT,13625602,1563.52,1561.96,1565.08,1524.37,1527.43
7,ADANIPORTS,ADANIPORTS,3861249,1795.0,ADANIPORTS25MAYFUT,14628610,1809.75,1807.94,1811.56,ADANIPORTS25JUNFUT,14541058,1824.51,1822.69,1826.33,ADANIPORTS25JULFUT,13625858,1839.26,1837.42,1841.1,1793.2,1796.79
8,ALKEM,ALKEM,2995969,5425.0,ALKEM25MAYFUT,14628866,5469.59,5464.12,5475.06,ALKEM25JUNFUT,14542338,5514.18,5508.67,5519.69,ALKEM25JULFUT,13626114,5558.77,5553.21,5564.33,5419.57,5430.42
9,AMBUJACEM,AMBUJACEM,325121,424.0,AMBUJACEM25MAYFUT,14629122,427.48,427.05,427.91,AMBUJACEM25JUNFUT,14542594,430.97,430.54,431.4,AMBUJACEM25JULFUT,13628162,434.45,434.02,434.88,423.58,424.42
10,APLAPOLLO,APLAPOLLO,6599681,1799.9,APLAPOLLO25MAYFUT,14629634,1814.69,1812.88,1816.5,APLAPOLLO25JUNFUT,14543106,1829.49,1827.66,1831.32,APLAPOLLO25JULFUT,13629442,1844.28,1842.44,1846.12,1798.1,1801.7
11,APOLLOHOSP,APOLLOHOSP,40193,8585.0,APOLLOHOSP25MAYFUT,14629890,8655.56,8646.9,8664.22,APOLLOHOSP25JUNFUT,14543362,8726.12,8717.39,8734.85,APOLLOHOSP25JULFUT,13629698,8796.68,8787.88,8805.48,8576.42,8593.58
12,ASHOKLEY,ASHOKLEY,54273,161.12,ASHOKLEY25MAYFUT,14630402,162.44,162.28,162.6,ASHOKLEY25JUNFUT,14543618,163.77,163.61,163.93,ASHOKLEY25JULFUT,13630466,165.09,164.92,165.26,160.96,161.28
13,ASIANPAINT,ASIANPAINT,60417,2640.0,ASIANPAINT25MAYFUT,14630658,2661.7,2659.04,2664.36,ASIANPAINT25JUNFUT,14544898,2683.4,2680.72,2686.08,ASIANPAINT25JULFUT,13630722,2705.1,2702.39,2707.81,2637.36,2642.64
14,ASTRAL,ASTRAL,3691009,1490.0,ASTRAL25MAYFUT,14630914,1502.25,1500.75,1503.75,ASTRAL25JUNFUT,14545154,1514.49,1512.98,1516.0,ASTRAL25JULFUT,13630978,1526.74,1525.21,1528.27,1488.51,1491.49
15,ATGL,ATGL,1552897,721.0,ATGL25MAYFUT,14631170,726.93,726.2,727.66,ATGL25JUNFUT,14545410,732.85,732.12,733.58,ATGL25JULFUT,13631234,738.78,738.04,739.52,720.28,721.72
16,AUBANK,AUBANK,5436929,1038.8,AUBANK25MAYFUT,14631426,1047.34,1046.29,1048.39,AUBANK25JUNFUT,14545666,1055.88,1054.82,1056.94,AUBANK25JULFUT,13631490,1064.41,1063.35,1065.47,1037.76,1039.84
17,AUROPHARMA,AUROPHARMA,70401,1554.6,AUROPHARMA25MAYFUT,14631682,1567.38,1565.81,1568.95,AUROPHARMA25JUNFUT,14546434,1580.16,1578.58,1581.74,AUROPHARMA25JULFUT,13631746,1592.93,1591.34,1594.52,1553.05,1556.15
18,AXISBANK,AXISBANK,1510401,1377.2,AXISBANK25MAYFUT,14631938,1388.52,1387.13,1389.91,AXISBANK25JUNFUT,14546690,1399.84,1398.44,1401.24,AXISBANK25JULFUT,13632002,1411.16,1409.75,1412.57,1375.82,1378.58
19,BAJAJ-AUTO,BAJAJ-AUTO,4267265,9850.0,BAJAJ-AUTO25MAYFUT,14632194,9930.96,9921.03,9940.89,BAJAJ-AUTO25JUNFUT,14547458,10011.92,10001.91,10021.93,BAJAJ-AUTO25JULFUT,13632258,10092.88,10082.79,10102.97,9840.15,9859.85
20,BAJAJFINSV,BAJAJFINSV,4268801,1766.9,BAJAJFINSV25MAYFUT,14632962,1781.42,1779.64,1783.2,BAJAJFINSV25JUNFUT,14547714,1795.94,1794.14,1797.74,BAJAJFINSV25JULFUT,13632514,1810.47,1808.66,1812.28,1765.13,1768.67
21,BAJFINANCE,BAJFINANCE,81153,981.4,BAJFINANCE25MAYFUT,14633218,989.47,988.48,990.46,BAJFINANCE25JUNFUT,14547970,997.53,996.53,998.53,BAJFINANCE25JULFUT,13632770,1005.6,1004.59,1006.61,980.42,982.38
22,BANDHANBNK,BANDHANBNK,579329,202.15,BANDHANBNK25MAYFUT,14633730,203.81,203.61,204.01,BANDHANBNK25JUNFUT,14548482,205.47,205.26,205.68,BANDHANBNK25JULFUT,13633282,207.13,206.92,207.34,201.95,202.35
23,BANKBARODA,BANKBARODA,1195009,279.5,BANKBARODA25MAYFUT,14633986,281.8,281.52,282.08,BANKBARODA25JUNFUT,14548738,284.09,283.81,284.37,BANKBARODA25JULFUT,13633538,286.39,286.1,286.68,279.22,279.78
24,BANKINDIA,BANKINDIA,1214721,144.6,BANKINDIA25MAYFUT,14634242,145.79,145.64,145.94,BANKINDIA25JUNFUT,14548994,146.98,146.83,147.13,BANKINDIA25JULFUT,13633794,148.17,148.02,148.32,144.46,144.74
25,BEL,BEL,98049,408.5,BEL25MAYFUT,14634498,411.86,411.45,412.27,BEL25JUNFUT,14549250,415.22,414.8,415.64,BEL25JULFUT,13634050,418.57,418.15,418.99,408.09,408.91
26,BHARATFORG,BHARATFORG,108033,2145.0,BHARATFORG25MAYFUT,14634754,2162.63,2160.47,2164.79,BHARATFORG25JUNFUT,14549506,2180.26,2178.08,2182.44,BHARATFORG25JULFUT,13634306,2197.89,2195.69,2200.09,2142.86,2147.14
27,BHARTIARTL,BHARTIARTL,2714625,1849.9,BHARTIARTL25MAYFUT,14635010,1865.1,1863.23,1866.97,BHARTIARTL25JUNFUT,14549762,1880.31,1878.43,1882.19,BHARTIARTL25JULFUT,13634562,1895.51,1893.61,1897.41,1848.05,1851.75
28,BHEL,BHEL,112129,402.05,BHEL25MAYFUT,14635266,405.35,404.94,405.76,BHEL25JUNFUT,14550530,408.66,408.25,409.07,BHEL25JULFUT,13634818,411.96,411.55,412.37,401.65,402.45
29,BIOCON,BIOCON,2911489,416.0,BIOCON25MAYFUT,14635522,419.42,419.0,419.84,BIOCON25JUNFUT,14550786,422.84,422.42,423.26,BIOCON25JULFUT,13635074,426.26,425.83,426.69,415.58,416.42
30,BOSCHLTD,BOSCHLTD,558337,40600.0,BOSCHLTD25MAYFUT,14635778,40933.7,40892.77,40974.63,BOSCHLTD25JUNFUT,14552066,41267.4,41226.13,41308.67,BOSCHLTD25JULFUT,13635330,41601.1,41559.5,41642.7,40559.4,40640.6
31,BPCL,BPCL,134657,309.9,BPCL25MAYFUT,14636034,312.45,312.14,312.76,BPCL25JUNFUT,14552322,314.99,314.68,315.3,BPCL25JULFUT,13635586,317.54,317.22,317.86,309.59,310.21
32,BRITANNIA,BRITANNIA,140033,5235.0,BRITANNIA25MAYFUT,14636290,5278.03,5272.75,5283.31,BRITANNIA25JUNFUT,14552578,5321.05,5315.73,5326.37,BRITANNIA25JULFUT,13635842,5364.08,5358.72,5369.44,5229.77,5240.23
33,BSE,BSE,5013761,3875.0,BSE25MAYFUT,14636546,3906.85,3902.94,3910.76,BSE25JUNFUT,14552834,3938.7,3934.76,3942.64,BSE25JULFUT,13636610,3970.55,3966.58,3974.52,3871.12,3878.87
34,CANBK,CANBK,2763265,129.27,CANBK25MAYFUT,14637314,130.33,130.2,130.46,CANBK25JUNFUT,14553602,131.39,131.26,131.52,CANBK25JULFUT,13637890,132.46,132.33,132.59,129.14,129.4
35,CGPOWER,CGPOWER,194561,941.9,CGPOWER25MAYFUT,14638082,949.64,948.69,950.59,CGPOWER25JUNFUT,14554370,957.38,956.42,958.34,CGPOWER25JULFUT,13638658,965.12,964.15,966.09,940.96,942.84
36,CHOLAFIN,CHOLAFIN,175361,1800.0,CHOLAFIN25MAYFUT,14638594,1814.79,1812.98,1816.6,CHOLAFIN25JUNFUT,14555394,1829.59,1827.76,1831.42,CHOLAFIN25JULFUT,13639170,1844.38,1842.54,1846.22,1798.2,1801.8
37,CIPLA,CIPLA,177665,1439.2,CIPLA25MAYFUT,14638850,1451.03,1449.58,1452.48,CIPLA25JUNFUT,14555650,1462.86,1461.4,1464.32,CIPLA25JULFUT,13639426,1474.69,1473.22,1476.16,1437.76,1440.64
38,COALINDIA,COALINDIA,5215745,435.65,COALINDIA25MAYFUT,14639106,439.23,438.79,439.67,COALINDIA25JUNFUT,14555906,442.81,442.37,443.25,COALINDIA25JULFUT,13639682,446.39,445.94,446.84,435.21,436.09
39,COFORGE,COFORGE,2955009,1492.4,COFORGE25MAYFUT,14639362,1504.67,1503.17,1506.17,COFORGE25JUNFUT,14556162,1516.93,1515.41,1518.45,COFORGE25JULFUT,13639938,1529.2,1527.67,1530.73,1490.91,1493.89
40,COLPAL,COLPAL,3876097,1990.1,COLPAL25MAYFUT,14639618,2006.46,2004.45,2008.47,COLPAL25JUNFUT,14556418,2022.81,2020.79,2024.83,COLPAL25JULFUT,13640706,2039.17,2037.13,2041.21,1988.11,1992.09
41,CONCOR,CONCOR,1215745,469.3,CONCOR25MAYFUT,14639874,473.16,472.69,473.63,CONCOR25JUNFUT,14556674,477.01,476.53,477.49,CONCOR25JULFUT,13641986,480.87,480.39,481.35,468.83,469.77
42,CUMMINSIND,CUMMINSIND,486657,5650.0,CUMMINSIND25MAYFUT,14640386,5696.44,5690.74,5702.14,CUMMINSIND25JUNFUT,14557186,5742.88,5737.14,5748.62,CUMMINSIND25JULFUT,13642498,5789.32,5783.53,5795.11,5644.35,5655.65
43,DABUR,DABUR,197633,423.55,DABUR25MAYFUT,14640898,427.03,426.6,427.46,DABUR25JUNFUT,14566402,430.51,430.08,430.94,DABUR25JULFUT,13643010,433.99,433.56,434.42,423.13,423.97
44,DIVISLAB,DIVISLAB,2800641,6700.0,DIVISLAB25MAYFUT,14641922,6755.07,6748.31,6761.83,DIVISLAB25JUNFUT,14567682,6810.14,6803.33,6816.95,DIVISLAB25JULFUT,13643778,6865.21,6858.34,6872.08,6693.3,6706.7
45,DIXON,DIXON,5552641,12030.0,DIXON25MAYFUT,14642178,12128.88,12116.75,12141.01,DIXON25JUNFUT,14567938,12227.75,12215.52,12239.98,DIXON25JULFUT,13644034,12326.63,12314.3,12338.96,12017.97,12042.03
46,DLF,DLF,3771393,622.0,DLF25MAYFUT,14642434,627.11,626.48,627.74,DLF25JUNFUT,14568194,632.22,631.59,632.85,DLF25JULFUT,13644290,637.34,636.7,637.98,621.38,622.62
47,DMART,DMART,5097729,4299.2,DMART25MAYFUT,14642690,4334.54,4330.21,4338.87,DMART25JUNFUT,14568450,4369.87,4365.5,4374.24,DMART25JULFUT,13644546,4405.21,4400.8,4409.62,4294.9,4303.5
48,DRREDDY,DRREDDY,225537,1349.5,DRREDDY25MAYFUT,14642946,1360.59,1359.23,1361.95,DRREDDY25JUNFUT,14568706,1371.68,1370.31,1373.05,DRREDDY25JULFUT,13644802,1382.78,1381.4,1384.16,1348.15,1350.85
49,EICHERMOT,EICHERMOT,232961,7600.0,EICHERMOT25MAYFUT,14643714,7662.47,7654.81,7670.13,EICHERMOT25JUNFUT,14568962,7724.93,7717.21,7732.65,EICHERMOT25JULFUT,13645058,7787.4,7779.61,7795.19,7592.4,7607.6
50,ETERNAL,ETERNAL,1304833,255.0,ETERNAL25MAYFUT,14736386,257.1,256.84,257.36,ETERNAL25JUNFUT,14663170,259.19,258.93,259.45,ETERNAL25JULFUT,13645314,261.29,261.03,261.55,254.75,255.25
51,EXIDEIND,EXIDEIND,173057,390.0,EXIDEIND25MAYFUT,14644226,393.21,392.82,393.6,EXIDEIND25JUNFUT,14569218,396.41,396.01,396.81,EXIDEIND25JULFUT,13645570,399.62,399.22,400.02,389.61,390.39
52,FEDERALBNK,FEDERALBNK,261889,323.4,FEDERALBNK25MAYFUT,14644482,326.06,325.73,326.39,FEDERALBNK25JUNFUT,14571010,328.72,328.39,329.05,FEDERALBNK25JULFUT,13645826,331.37,331.04,331.7,323.08,323.72
53,GAIL,GAIL,1207553,172.91,GAIL25MAYFUT,14645250,174.33,174.16,174.5,GAIL25JUNFUT,14571266,175.75,175.57,175.93,GAIL25JULFUT,13646082,177.17,176.99,177.35,172.74,173.08
54,GLENMARK,GLENMARK,1895937,2150.0,GLENMARK25MAYFUT,14645506,2167.67,2165.5,2169.84,GLENMARK25JUNFUT,14573058,2185.34,2183.15,2187.53,GLENMARK25JULFUT,13646338,2203.01,2200.81,2205.21,2147.85,2152.15
55,GMRAIRPORT,GMRAIRPORT,3463169,108.53,GMRAIRPORT25MAYFUT,14645762,109.42,109.31,109.53,GMRAIRPORT25JUNFUT,14573314,110.31,110.2,110.42,GMRAIRPORT25JULFUT,13646594,111.21,111.1,111.32,108.42,108.64
56,GODREJCP,GODREJCP,2585345,1036.2,GODREJCP25MAYFUT,14646018,1044.72,1043.68,1045.76,GODREJCP25JUNFUT,14573570,1053.23,1052.18,1054.28,GODREJCP25JULFUT,13646850,1061.75,1060.69,1062.81,1035.16,1037.24
57,GODREJPROP,GODREJPROP,4576001,1850.1,GODREJPROP25MAYFUT,14646786,1865.31,1863.44,1867.18,GODREJPROP25JUNFUT,14573826,1880.51,1878.63,1882.39,GODREJPROP25JULFUT,13647106,1895.72,1893.82,1897.62,1848.25,1851.95
58,GRASIM,GRASIM,315393,3129.9,GRASIM25MAYFUT,14647298,3155.63,3152.47,3158.79,GRASIM25JUNFUT,14574338,3181.35,3178.17,3184.53,GRASIM25JULFUT,13647618,3207.08,3203.87,3210.29,3126.77,3133.03
59,HAL,HAL,589569,4364.0,HAL25MAYFUT,14647554,4399.87,4395.47,4404.27,HAL25JUNFUT,14574594,4435.74,4431.3,4440.18,HAL25JULFUT,13647874,4471.61,4467.14,4476.08,4359.64,4368.36
60,HAVELLS,HAVELLS,2513665,1178.8,HAVELLS25MAYFUT,14647810,1188.49,1187.3,1189.68,HAVELLS25JUNFUT,14574850,1198.18,1196.98,1199.38,HAVELLS25JULFUT,13648130,1207.87,1206.66,1209.08,1177.62,1179.98
61,HCLTECH,HCLTECH,1850625,1100.5,HCLTECH25MAYFUT,14648066,1109.55,1108.44,1110.66,HCLTECH25JUNFUT,14576642,1118.59,1117.47,1119.71,HCLTECH25JULFUT,13648386,1127.64,1126.51,1128.77,1099.4,1101.6
62,HDFCAMC,HDFCAMC,1086465,2653.0,HDFCAMC25MAYFUT,14648322,2674.81,2672.14,2677.48,HDFCAMC25JUNFUT,14576898,2696.61,2693.91,2699.31,HDFCAMC25JULFUT,13648642,2718.42,2715.7,2721.14,2650.35,2655.65
63,HDFCBANK,HDFCBANK,341249,796.0,HDFCBANK25MAYFUT,14648578,802.54,801.74,803.34,HDFCBANK25JUNFUT,14578178,809.08,808.27,809.89,HDFCBANK25JULFUT,13648898,815.63,814.81,816.45,795.2,796.8
64,HDFCLIFE,HDFCLIFE,119553,584.8,HDFCLIFE25MAYFUT,14650370,589.61,589.02,590.2,HDFCLIFE25JUNFUT,14578434,594.41,593.82,595.0,HDFCLIFE25JULFUT,13649154,599.22,598.62,599.82,584.22,585.38
65,HEROMOTOCO,HEROMOTOCO,345089,4908.7,HEROMOTOCO25MAYFUT,14650626,4949.05,4944.1,4954.0,HEROMOTOCO25JUNFUT,14579714,4989.39,4984.4,4994.38,HEROMOTOCO25JULFUT,13649410,5029.74,5024.71,5034.77,4903.79,4913.61
66,HINDALCO,HINDALCO,348929,952.0,HINDALCO25MAYFUT,14651138,959.82,958.86,960.78,HINDALCO25JUNFUT,14580226,967.65,966.68,968.62,HINDALCO25JULFUT,13650178,975.47,974.49,976.45,951.05,952.95
67,HINDPETRO,HINDPETRO,359937,409.0,HINDPETRO25MAYFUT,14652162,412.36,411.95,412.77,HINDPETRO25JUNFUT,14580738,415.72,415.3,416.14,HINDPETRO25JULFUT,13650690,419.08,418.66,419.5,408.59,409.41
68,HINDUNILVR,HINDUNILVR,356865,2177.0,HINDUNILVR25MAYFUT,14652418,2194.89,2192.7,2197.08,HINDUNILVR25JUNFUT,14580994,2212.79,2210.58,2215.0,HINDUNILVR25JULFUT,13650946,2230.68,2228.45,2232.91,2174.82,2179.18
69,HINDZINC,HINDZINC,364545,518.85,HINDZINC25MAYFUT,14582018,523.11,522.59,523.63,HINDZINC25JUNFUT,14583298,527.38,526.85,527.91,HINDZINC25JULFUT,13651202,531.64,531.11,532.17,518.33,519.37
70,HUDCO,HUDCO,5331201,207.99,HUDCO25MAYFUT,14652674,209.7,209.49,209.91,HUDCO25JUNFUT,14583554,211.41,211.2,211.62,HUDCO25JULFUT,13651458,213.12,212.91,213.33,207.78,208.2
71,ICICIBANK,ICICIBANK,1270529,1387.0,ICICIBANK25MAYFUT,14653442,1398.4,1397.0,1399.8,ICICIBANK25JUNFUT,14583810,1409.8,1408.39,1411.21,ICICIBANK25JULFUT,13651714,1421.2,1419.78,1422.62,1385.61,1388.39
72,ICICIGI,ICICIGI,5573121,1819.9,ICICIGI25MAYFUT,14653698,1834.86,1833.03,1836.69,ICICIGI25JUNFUT,14584066,1849.82,1847.97,1851.67,ICICIGI25JULFUT,13651970,1864.77,1862.91,1866.63,1818.08,1821.72
73,ICICIPRULI,ICICIPRULI,4774913,491.1,ICICIPRULI25MAYFUT,14653954,495.14,494.64,495.64,ICICIPRULI25JUNFUT,14584322,499.17,498.67,499.67,ICICIPRULI25JULFUT,13652226,503.21,502.71,503.71,490.61,491.59
74,IDEA,IDEA,3677697,14.05,IDEA25MAYFUT,14654210,14.17,14.16,14.18,IDEA25JUNFUT,14584578,14.28,14.27,14.29,IDEA25JULFUT,13652482,14.4,14.39,14.41,14.04,14.06
75,IDFCFIRSTB,IDFCFIRSTB,2863105,79.39,IDFCFIRSTB25MAYFUT,14654466,80.04,79.96,80.12,IDFCFIRSTB25JUNFUT,14584834,80.7,80.62,80.78,IDFCFIRSTB25JULFUT,13653506,81.35,81.27,81.43,79.31,79.47
76,IGL,IGL,2883073,170.18,IGL25MAYFUT,14660354,171.58,171.41,171.75,IGL25JUNFUT,14588418,172.98,172.81,173.15,IGL25JULFUT,13654018,174.38,174.21,174.55,170.01,170.35
77,INDHOTEL,INDHOTEL,387073,722.0,INDHOTEL25MAYFUT,14661378,727.93,727.2,728.66,INDHOTEL25JUNFUT,14588930,733.87,733.14,734.6,INDHOTEL25JULFUT,13654530,739.8,739.06,740.54,721.28,722.72
78,INDIANB,INDIANB,3663105,835.0,INDIANB25MAYFUT,14661634,841.86,841.02,842.7,INDIANB25JUNFUT,14589186,848.73,847.88,849.58,INDIANB25JULFUT,13654786,855.59,854.73,856.45,834.16,835.83
79,INDIGO,INDIGO,2865921,5462.0,INDIGO25MAYFUT,14663426,5506.89,5501.38,5512.4,INDIGO25JUNFUT,14589442,5551.79,5546.24,5557.34,INDIGO25JULFUT,13655042,5596.68,5591.08,5602.28,5456.54,5467.46
80,INDUSINDBK,INDUSINDBK,1346049,917.4,INDUSINDBK25MAYFUT,14663682,924.94,924.02,925.86,INDUSINDBK25JUNFUT,14589698,932.48,931.55,933.41,INDUSINDBK25JULFUT,13655298,940.02,939.08,940.96,916.48,918.32
81,INDUSTOWER,INDUSTOWER,7458561,393.95,INDUSTOWER25MAYFUT,14663938,397.19,396.79,397.59,INDUSTOWER25JUNFUT,14590466,400.43,400.03,400.83,INDUSTOWER25JULFUT,13655554,403.66,403.26,404.06,393.56,394.34
82,INFY,INFY,408065,1042.9,INFY25MAYFUT,14664194,1051.47,1050.42,1052.52,INFY25JUNFUT,14590722,1060.04,1058.98,1061.1,INFY25JULFUT,13655810,1068.62,1067.55,1069.69,1041.86,1043.94
83,IOC,IOC,415745,143.94,IOC25MAYFUT,14664962,145.12,144.97,145.27,IOC25JUNFUT,14592770,146.31,146.16,146.46,IOC25JULFUT,13656322,147.49,147.34,147.64,143.8,144.08
84,IRB,IRB,3920129,21.14,IRB25MAYFUT,14665218,21.31,21.29,21.33,IRB25JUNFUT,14593026,21.49,21.47,21.51,IRB25JULFUT,13656578,21.66,21.64,21.68,21.12,21.16
85,IRCTC,IRCTC,3484417,514.0,IRCTC25MAYFUT,14678018,518.22,517.7,518.74,IRCTC25JUNFUT,14593282,522.45,521.93,522.97,IRCTC25JULFUT,13656834,526.67,526.14,527.2,513.49,514.51
86,IREDA,IREDA,5186817,127.01,IREDA25MAYFUT,14679810,128.05,127.92,128.18,IREDA25JUNFUT,14594562,129.1,128.97,129.23,IREDA25JULFUT,13657090,130.14,130.01,130.27,126.88,127.14
87,IRFC,IRFC,519425,91.73,IRFC25MAYFUT,14681602,92.48,92.39,92.57,IRFC25JUNFUT,14594818,93.24,93.15,93.33,IRFC25JULFUT,13657858,93.99,93.9,94.08,91.64,91.82
88,ITC,ITC,424961,290.0,ITC25MAYFUT,14681858,292.38,292.09,292.67,ITC25JUNFUT,14595074,294.77,294.48,295.06,ITC25JULFUT,13658114,297.15,296.85,297.45,289.71,290.29
89,JINDALSTEL,JINDALSTEL,1723649,1061.0,JINDALSTEL25MAYFUT,14683138,1069.72,1068.65,1070.79,JINDALSTEL25JUNFUT,14595330,1078.44,1077.36,1079.52,JINDALSTEL25JULFUT,13658370,1087.16,1086.07,1088.25,1059.94,1062.06
90,JIOFIN,JIOFIN,4644609,239.0,JIOFIN25MAYFUT,14683394,240.96,240.72,241.2,JIOFIN25JUNFUT,14597122,242.93,242.69,243.17,JIOFIN25JULFUT,13658626,244.89,244.65,245.13,238.76,239.24
91,JSWENERGY,JSWENERGY,4574465,573.2,JSWENERGY25MAYFUT,14683906,577.91,577.33,578.49,JSWENERGY25JUNFUT,14598146,582.62,582.04,583.2,JSWENERGY25JULFUT,13659650,587.33,586.74,587.92,572.63,573.77
92,JSWSTEEL,JSWSTEEL,3001089,1231.3,JSWSTEEL25MAYFUT,14685186,1241.42,1240.18,1242.66,JSWSTEEL25JUNFUT,14598402,1251.54,1250.29,1252.79,JSWSTEEL25JULFUT,13659906,1261.66,1260.4,1262.92,1230.07,1232.53
93,JUBLFOOD,JUBLFOOD,4632577,423.8,JUBLFOOD25MAYFUT,14685442,427.28,426.85,427.71,JUBLFOOD25JUNFUT,14598658,430.77,430.34,431.2,JUBLFOOD25JULFUT,13661698,434.25,433.82,434.68,423.38,424.22
94,KALYANKJIL,KALYANKJIL,756481,376.25,KALYANKJIL25MAYFUT,14687746,379.34,378.96,379.72,KALYANKJIL25JUNFUT,14598914,382.43,382.05,382.81,KALYANKJIL25JULFUT,13661954,385.53,385.14,385.92,375.87,376.63
95,KOTAKBANK,KOTAKBANK,492033,409.75,KOTAKBANK25MAYFUT,14688258,413.12,412.71,413.53,KOTAKBANK25JUNFUT,14600450,416.49,416.07,416.91,KOTAKBANK25JULFUT,13662466,419.85,419.43,420.27,409.34,410.16
96,KPITTECH,KPITTECH,2478849,738.4,KPITTECH25MAYFUT,14688514,744.47,743.73,745.21,KPITTECH25JUNFUT,14600706,750.54,749.79,751.29,KPITTECH25JULFUT,13662722,756.61,755.85,757.37,737.66,739.14
97,LICHSGFIN,LICHSGFIN,511233,550.7,LICHSGFIN25MAYFUT,14690562,555.23,554.67,555.79,LICHSGFIN25JUNFUT,14601730,559.75,559.19,560.31,LICHSGFIN25JULFUT,13663234,564.28,563.72,564.84,550.15,551.25
98,LICI,LICI,2426881,423.25,LICI25MAYFUT,14692354,426.73,426.3,427.16,LICI25JUNFUT,14601986,430.21,429.78,430.64,LICI25JULFUT,13663490,433.69,433.26,434.12,422.83,423.67
99,LODHA,LODHA,824321,949.9,LODHA25MAYFUT,14692610,957.71,956.75,958.67,LODHA25JUNFUT,14602754,965.51,964.54,966.48,LODHA25JULFUT,13663746,973.32,972.35,974.29,948.95,950.85
100,LT,LT,2939649,4202.1,LT25MAYFUT,14700546,4236.64,4232.4,4240.88,LT25JUNFUT,14603010,4271.18,4266.91,4275.45,LT25JULFUT,13664002,4305.71,4301.4,4310.02,4197.9,4206.3
101,LTF,LTF,6386689,298.7,LTF25MAYFUT,14700802,301.16,300.86,301.46,LTF25JUNFUT,14604290,303.61,303.31,303.91,LTF25JULFUT,13664258,306.07,305.76,306.38,298.4,299.0
102,LTIM,LTIM,4561409,4480.0,LTIM25MAYFUT,14701058,4504.0,0.0,0.0,LTIM25JUNFUT,14604546,4509.5,0.0,0.0,LTIM25JULFUT,13664514,4574.9,0.0,0.0,0.0,0.0
103,LUPIN,LUPIN,2672641,2348.5,LUPIN25MAYFUT,14701314,2367.8,2365.43,2370.17,LUPIN25JUNFUT,14604802,2387.11,2384.72,2389.5,LUPIN25JULFUT,13664770,2406.41,2404.0,2408.82,2346.15,2350.85
104,M&M,M&M,519937,3185.3,M&M25MAYFUT,14704130,3211.48,3208.27,3214.69,M&M25JUNFUT,14605058,3237.66,3234.42,3240.9,M&M25JULFUT,13665026,3263.84,3260.58,3267.1,3182.11,3188.49
105,M&MFIN,M&MFIN,3400961,330.05,M&MFIN25MAYFUT,14704386,332.76,332.43,333.09,M&MFIN25JUNFUT,14605314,335.48,335.14,335.82,M&MFIN25JULFUT,13665282,338.19,337.85,338.53,329.72,330.38
106,MARICO,MARICO,1041153,826.5,MARICO25MAYFUT,14704898,833.29,832.46,834.12,MARICO25JUNFUT,14605826,840.09,839.25,840.93,MARICO25JULFUT,13665794,846.88,846.03,847.73,825.67,827.33
107,MARUTI,MARUTI,2815745,13753.0,MARUTI25MAYFUT,14705154,13866.04,13852.17,13879.91,MARUTI25JUNFUT,14606082,13979.08,13965.1,13993.06,MARUTI25JULFUT,13666050,14092.12,14078.03,14106.21,13739.25,13766.75
108,MAXHEALTH,MAXHEALTH,5728513,1122.9,MAXHEALTH25MAYFUT,14705410,1132.13,1131.0,1133.26,MAXHEALTH25JUNFUT,14606338,1141.36,1140.22,1142.5,MAXHEALTH25JULFUT,13666306,1150.59,1149.44,1151.74,1121.78,1124.02
109,MFSL,MFSL,548353,1619.0,MFSL25MAYFUT,14705922,1632.31,1630.68,1633.94,MFSL25JUNFUT,14606850,1645.61,1643.96,1647.26,MFSL25JULFUT,13666818,1658.92,1657.26,1660.58,1617.38,1620.62
110,MOTHERSON,MOTHERSON,1076225,151.85,MOTHERSON25MAYFUT,14706434,153.1,152.95,153.25,MOTHERSON25JUNFUT,14607362,154.35,154.2,154.5,MOTHERSON25JULFUT,13667330,155.59,155.43,155.75,151.7,152.0
111,MPHASIS,MPHASIS,1152769,2264.9,MPHASIS25MAYFUT,14707202,2283.52,2281.24,2285.8,MPHASIS25JUNFUT,14607618,2302.13,2299.83,2304.43,MPHASIS25JULFUT,13667586,2320.75,2318.43,2323.07,2262.64,2267.16
112,MUTHOOTFIN,MUTHOOTFIN,6054401,3023.7,MUTHOOTFIN25MAYFUT,14710274,3048.55,3045.5,3051.6,MUTHOOTFIN25JUNFUT,14607874,3073.4,3070.33,3076.47,MUTHOOTFIN25JULFUT,13667842,3098.26,3095.16,3101.36,3020.68,3026.72
113,NATIONALUM,NATIONALUM,1629185,333.0,NATIONALUM25MAYFUT,14710530,335.74,335.4,336.08,NATIONALUM25JUNFUT,14608130,338.47,338.13,338.81,NATIONALUM25JULFUT,13668098,341.21,340.87,341.55,332.67,333.33
114,NAUKRI,NAUKRI,3520257,980.0,NAUKRI25MAYFUT,14711298,988.05,987.06,989.04,NAUKRI25JUNFUT,14608386,996.11,995.11,997.11,NAUKRI25JULFUT,13668354,1004.16,1003.16,1005.16,979.02,980.98
115,NESTLEIND,NESTLEIND,4598529,1409.8,NESTLEIND25MAYFUT,14712066,1421.39,1419.97,1422.81,NESTLEIND25JUNFUT,14609154,1432.97,1431.54,1434.4,NESTLEIND25JULFUT,13669122,1444.56,1443.12,1446.0,1408.39,1411.21
116,NHPC,NHPC,4454401,79.2,NHPC25MAYFUT,14712834,79.85,79.77,79.93,NHPC25JUNFUT,14609410,80.5,80.42,80.58,NHPC25JULFUT,13669378,81.15,81.07,81.23,79.12,79.28
117,NMDC,NMDC,3924993,84.74,NMDC25MAYFUT,14713090,85.44,85.35,85.53,NMDC25JUNFUT,14609666,86.13,86.04,86.22,NMDC25JULFUT,13669634,86.83,86.74,86.92,84.66,84.82
118,NTPC,NTPC,2977281,352.5,NTPC25MAYFUT,14713346,355.4,355.04,355.76,NTPC25JUNFUT,14609922,358.29,357.93,358.65,NTPC25JULFUT,13669890,361.19,360.83,361.55,352.15,352.85
119,NYKAA,NYKAA,1675521,301.0,NYKAA25MAYFUT,14713602,303.47,303.17,303.77,NYKAA25JUNFUT,14610178,305.95,305.64,306.26,NYKAA25JULFUT,13670146,308.42,308.11,308.73,300.7,301.3
120,OBEROIRLTY,OBEROIRLTY,5181953,1760.0,OBEROIRLTY25MAYFUT,14713858,1774.47,1772.7,1776.24,OBEROIRLTY25JUNFUT,14610434,1788.93,1787.14,1790.72,OBEROIRLTY25JULFUT,13670914,1803.4,1801.6,1805.2,1758.24,1761.76
121,OFSS,OFSS,2748929,10955.0,OFSS25MAYFUT,14714114,11045.04,11033.99,11056.09,OFSS25JUNFUT,14610690,11135.08,11123.94,11146.22,OFSS25JULFUT,13671170,11225.12,11213.89,11236.35,10944.05,10965.95
122,OIL,OIL,4464129,405.95,OIL25MAYFUT,14714370,409.29,408.88,409.7,OIL25JUNFUT,14610946,412.62,412.21,413.03,OIL25JULFUT,13671426,415.96,415.54,416.38,405.54,406.36
123,ONGC,ONGC,633601,233.15,ONGC25MAYFUT,14714626,235.07,234.83,235.31,ONGC25JUNFUT,14611202,236.98,236.74,237.22,ONGC25JULFUT,13671682,238.9,238.66,239.14,232.92,233.38
124,PAGEIND,PAGEIND,3689729,40975.0,PAGEIND25MAYFUT,14714882,41311.78,41270.47,41353.09,PAGEIND25JUNFUT,14611714,41648.56,41606.91,41690.21,PAGEIND25JULFUT,13671938,41985.34,41943.35,42027.33,40934.03,41015.97
125,PATANJALI,PATANJALI,4359425,410.1,PATANJALI25MAYFUT,14716162,413.47,413.06,413.88,PATANJALI25JUNFUT,14612226,416.84,416.42,417.26,PATANJALI25JULFUT,13672194,420.21,419.79,420.63,409.69,410.51
126,PAYTM,PAYTM,1716481,1122.7,PAYTM25MAYFUT,14716418,1131.93,1130.8,1133.06,PAYTM25JUNFUT,14612482,1141.16,1140.02,1142.3,PAYTM25JULFUT,13672450,1150.38,1149.23,1151.53,1121.58,1123.82
127,PERSISTENT,PERSISTENT,4701441,4846.5,PERSISTENT25MAYFUT,14716930,4886.33,4881.44,4891.22,PERSISTENT25JUNFUT,14612994,4926.17,4921.24,4931.1,PERSISTENT25JULFUT,13673730,4966.0,4961.03,4970.97,4841.65,4851.35
128,PETRONET,PETRONET,2905857,282.0,PETRONET25MAYFUT,14717186,284.32,284.04,284.6,PETRONET25JUNFUT,14613250,286.64,286.35,286.93,PETRONET25JULFUT,13673986,288.95,288.66,289.24,281.72,282.28
129,PFC,PFC,3660545,433.4,PFC25MAYFUT,14717954,436.96,436.52,437.4,PFC25JUNFUT,14613506,440.52,440.08,440.96,PFC25JULFUT,13674242,444.09,443.65,444.53,432.97,433.83
130,PHOENIXLTD,PHOENIXLTD,3725313,1905.8,PHOENIXLTD25MAYFUT,14718210,1921.46,1919.54,1923.38,PHOENIXLTD25JUNFUT,14613762,1937.13,1935.19,1939.07,PHOENIXLTD25JULFUT,13674498,1952.79,1950.84,1954.74,1903.89,1907.71
131,PIDILITIND,PIDILITIND,681985,1595.8,PIDILITIND25MAYFUT,14718466,1608.92,1607.31,1610.53,PIDILITIND25JUNFUT,14614018,1622.03,1620.41,1623.65,PIDILITIND25JULFUT,13675010,1635.15,1633.51,1636.79,1594.2,1597.4
132,PIIND,PIIND,6191105,2679.9,PIIND25MAYFUT,14718722,2701.93,2699.23,2704.63,PIIND25JUNFUT,14614274,2723.95,2721.23,2726.67,PIIND25JULFUT,13675266,2745.98,2743.23,2748.73,2677.22,2682.58
133,PNB,PNB,2730497,107.91,PNB25MAYFUT,14718978,108.8,108.69,108.91,PNB25JUNFUT,14614530,109.68,109.57,109.79,PNB25JULFUT,13675522,110.57,110.46,110.68,107.8,108.02
134,POLICYBZR,POLICYBZR,1703937,1611.8,POLICYBZR25MAYFUT,14719234,1625.05,1623.42,1626.68,POLICYBZR25JUNFUT,14615554,1638.3,1636.66,1639.94,POLICYBZR25JULFUT,13676034,1651.54,1649.89,1653.19,1610.19,1613.41
135,POLYCAB,POLYCAB,2455041,9555.0,POLYCAB25MAYFUT,14719490,9633.53,9623.9,9643.16,POLYCAB25JUNFUT,14615810,9712.07,9702.36,9721.78,POLYCAB25JULFUT,13676290,9790.6,9780.81,9800.39,9545.44,9564.55
136,POWERGRID,POWERGRID,3834113,284.5,POWERGRID25MAYFUT,14720514,286.84,286.55,287.13,POWERGRID25JUNFUT,14616322,289.18,288.89,289.47,POWERGRID25JULFUT,13676802,291.52,291.23,291.81,284.22,284.78
137,PRESTIGE,PRESTIGE,5197313,1558.0,PRESTIGE25MAYFUT,14720770,1570.81,1569.24,1572.38,PRESTIGE25JUNFUT,14617602,1583.61,1582.03,1585.19,PRESTIGE25JULFUT,13677058,1596.42,1594.82,1598.02,1556.44,1559.56
138,RECLTD,RECLTD,3930881,364.4,RECLTD25MAYFUT,14721538,367.4,367.03,367.77,RECLTD25JUNFUT,14618626,370.39,370.02,370.76,RECLTD25JULFUT,13677570,373.39,373.02,373.76,364.04,364.76
139,RELIANCE,RELIANCE,738561,1316.5,RELIANCE25MAYFUT,14721794,1327.32,1325.99,1328.65,RELIANCE25JUNFUT,14618882,1338.14,1336.8,1339.48,RELIANCE25JULFUT,13677826,1348.96,1347.61,1350.31,1315.18,1317.82
140,SAIL,SAIL,758529,170.29,SAIL25MAYFUT,14723074,171.69,171.52,171.86,SAIL25JUNFUT,14620162,173.09,172.92,173.26,SAIL25JULFUT,13678082,174.49,174.32,174.66,170.12,170.46
141,SBICARD,SBICARD,4600577,624.6,SBICARD25MAYFUT,14723330,629.73,629.1,630.36,SBICARD25JUNFUT,14620418,634.87,634.24,635.5,SBICARD25JULFUT,13678338,640.0,639.36,640.64,623.98,625.22
142,SBILIFE,SBILIFE,5582849,1742.0,SBILIFE25MAYFUT,14723586,1756.32,1754.56,1758.08,SBILIFE25JUNFUT,14620674,1770.64,1768.87,1772.41,SBILIFE25JULFUT,13678594,1784.95,1783.17,1786.73,1740.26,1743.74
143,SBIN,SBIN,779521,1045.2,SBIN25MAYFUT,14723842,1053.79,1052.74,1054.84,SBIN25JUNFUT,14620930,1062.38,1061.32,1063.44,SBIN25JULFUT,13678850,1070.97,1069.9,1072.04,1044.15,1046.25
144,SHREECEM,SHREECEM,794369,25765.0,SHREECEM25MAYFUT,14724098,25976.77,25950.79,26002.75,SHREECEM25JUNFUT,14621186,26188.53,26162.34,26214.72,SHREECEM25JULFUT,13679106,26400.3,26373.9,26426.7,25739.24,25790.76
145,SHRIRAMFIN,SHRIRAMFIN,1102337,1030.8,SHRIRAMFIN25MAYFUT,14724354,1039.27,1038.23,1040.31,SHRIRAMFIN25JUNFUT,14621442,1047.74,1046.69,1048.79,SHRIRAMFIN25JULFUT,13679362,1056.22,1055.16,1057.28,1029.77,1031.83
146,SIEMENS,SIEMENS,806401,3633.0,SIEMENS25MAYFUT,14724610,3662.86,3659.2,3666.52,SIEMENS25JUNFUT,14622722,3692.72,3689.03,3696.41,SIEMENS25JULFUT,13679618,3722.58,3718.86,3726.3,3629.37,3636.63
147,SJVN,SJVN,4834049,72.18,SJVN25MAYFUT,14724866,72.77,72.7,72.84,SJVN25JUNFUT,14622978,73.37,73.3,73.44,SJVN25JULFUT,13679874,73.96,73.89,74.03,72.11,72.25
148,SOLARINDS,SOLARINDS,3412993,17431.0,SOLARINDS25MAYFUT,14725122,17574.27,17556.7,17591.84,SOLARINDS25JUNFUT,14623234,17717.54,17699.82,17735.26,SOLARINDS25JULFUT,13680130,17860.81,17842.95,17878.67,17413.57,17448.43
149,SONACOMS,SONACOMS,1199105,619.4,SONACOMS25MAYFUT,14725378,624.49,623.87,625.11,SONACOMS25JUNFUT,14623490,629.58,628.95,630.21,SONACOMS25JULFUT,13680386,634.67,634.04,635.3,618.78,620.02
150,SRF,SRF,837889,2732.0,SRF25MAYFUT,14725634,2754.45,2751.7,2757.2,SRF25JUNFUT,14624770,2776.91,2774.13,2779.69,SRF25JULFUT,13680642,2799.36,2796.56,2802.16,2729.27,2734.73
151,SUNPHARMA,SUNPHARMA,857857,1861.5,SUNPHARMA25MAYFUT,14725890,1876.8,1874.92,1878.68,SUNPHARMA25JUNFUT,14625026,1892.1,1890.21,1893.99,SUNPHARMA25JULFUT,13680898,1907.4,1905.49,1909.31,1859.64,1863.36
152,SUPREMEIND,SUPREMEIND,860929,3423.7,SUPREMEIND25MAYFUT,14726146,3451.84,3448.39,3455.29,SUPREMEIND25JUNFUT,14643202,3479.98,3476.5,3483.46,SUPREMEIND25JULFUT,13681154,3508.12,3504.61,3511.63,3420.28,3427.12
153,TATACOMM,TATACOMM,952577,1994.5,TATACOMM25MAYFUT,14726914,2010.89,2008.88,2012.9,TATACOMM25JUNFUT,14649090,2027.29,2025.26,2029.32,TATACOMM25JULFUT,13682946,2043.68,2041.64,2045.72,1992.51,1996.49
154,TATACONSUM,TATACONSUM,878593,1131.5,TATACONSUM25MAYFUT,14727682,1140.8,1139.66,1141.94,TATACONSUM25JUNFUT,14649346,1150.1,1148.95,1151.25,TATACONSUM25JULFUT,13683202,1159.4,1158.24,1160.56,1130.37,1132.63
155,TATAELXSI,TATAELXSI,873217,4029.6,TATAELXSI25MAYFUT,14727938,4062.72,4058.66,4066.78,TATAELXSI25JUNFUT,14649602,4095.84,4091.74,4099.94,TATAELXSI25JULFUT,13683458,4128.96,4124.83,4133.09,4025.57,4033.63
156,TATAMOTORS,TATAMOTORS,884737,654.15,TATAMOTORS25MAYFUT,14728194,657.75,0.0,0.0,TATAMOTORS25JUNFUT,14652930,659.3,0.0,0.0,TATAMOTORS25JULFUT,13683714,663.25,0.0,0.0,0.0,0.0
157,TATAPOWER,TATAPOWER,877057,388.55,TATAPOWER25MAYFUT,14728450,391.74,391.35,392.13,TATAPOWER25JUNFUT,14653186,394.94,394.55,395.33,TATAPOWER25JULFUT,13683970,398.13,397.73,398.53,388.16,388.94
158,TATASTEEL,TATASTEEL,895745,188.6,TATASTEEL25MAYFUT,14728706,190.15,189.96,190.34,TATASTEEL25JUNFUT,14655490,191.7,191.51,191.89,TATASTEEL25JULFUT,13684226,193.25,193.06,193.44,188.41,188.79
159,TATATECH,TATATECH,5195009,744.0,TATATECH25MAYFUT,14729474,750.12,749.37,750.87,TATATECH25JUNFUT,14655746,756.23,755.47,756.99,TATATECH25JULFUT,13684482,762.35,761.59,763.11,743.26,744.74
160,TCS,TCS,2953217,2095.9,TCS25MAYFUT,14729730,2113.13,2111.02,2115.24,TCS25JUNFUT,14656002,2130.35,2128.22,2132.48,TCS25JULFUT,13685762,2147.58,2145.43,2149.73,2093.8,2098.0
161,TECHM,TECHM,3465729,1439.7,TECHM25MAYFUT,14729986,1451.53,1450.08,1452.98,TECHM25JUNFUT,14656258,1463.37,1461.91,1464.83,TECHM25JULFUT,13686018,1475.2,1473.72,1476.68,1438.26,1441.14
162,TIINDIA,TIINDIA,79873,3060.0,TIINDIA25MAYFUT,14730242,3085.15,3082.06,3088.24,TIINDIA25JUNFUT,14656514,3110.3,3107.19,3113.41,TIINDIA25JULFUT,13686786,3135.45,3132.31,3138.59,3056.94,3063.06
163,TITAN,TITAN,897537,4290.0,TITAN25MAYFUT,14731778,4325.26,4320.93,4329.59,TITAN25JUNFUT,14657026,4360.52,4356.16,4364.88,TITAN25JULFUT,13687298,4395.78,4391.38,4400.18,4285.71,4294.29
164,TORNTPHARM,TORNTPHARM,900609,4519.8,TORNTPHARM25MAYFUT,14732034,4556.95,4552.39,4561.51,TORNTPHARM25JUNFUT,14657282,4594.1,4589.51,4598.69,TORNTPHARM25JULFUT,13687554,4631.25,4626.62,4635.88,4515.28,4524.32
165,TORNTPOWER,TORNTPOWER,3529217,1413.7,TORNTPOWER25MAYFUT,14733314,1425.32,1423.89,1426.75,TORNTPOWER25JUNFUT,14657538,1436.94,1435.5,1438.38,TORNTPOWER25JULFUT,13687810,1448.56,1447.11,1450.01,1412.29,1415.11
166,TRENT,TRENT,502785,3214.4,TRENT25MAYFUT,14733570,3240.82,3237.58,3244.06,TRENT25JUNFUT,14657794,3267.24,3263.97,3270.51,TRENT25JULFUT,13688066,3293.66,3290.37,3296.95,3211.19,3217.61
167,TVSMOTOR,TVSMOTOR,2170625,3578.0,TVSMOTOR25MAYFUT,14733826,3607.41,3603.8,3611.02,TVSMOTOR25JUNFUT,14658050,3636.82,3633.18,3640.46,TVSMOTOR25JULFUT,13688322,3666.22,3662.55,3669.89,3574.42,3581.58
168,ULTRACEMCO,ULTRACEMCO,2952193,11455.0,ULTRACEMCO25MAYFUT,14734082,11549.15,11537.6,11560.7,ULTRACEMCO25JUNFUT,14658818,11643.3,11631.66,11654.94,ULTRACEMCO25JULFUT,13688578,11737.45,11725.71,11749.19,11443.55,11466.45
169,UNIONBANK,UNIONBANK,2752769,174.56,UNIONBANK25MAYFUT,14734338,175.99,175.81,176.17,UNIONBANK25JUNFUT,14659074,177.43,177.25,177.61,UNIONBANK25JULFUT,13688834,178.86,178.68,179.04,174.39,174.73
170,UNITDSPR,UNITDSPR,2674433,1385.9,UNITDSPR25MAYFUT,14734594,1397.29,1395.89,1398.69,UNITDSPR25JUNFUT,14659330,1408.68,1407.27,1410.09,UNITDSPR25JULFUT,13689090,1420.07,1418.65,1421.49,1384.51,1387.29
171,UPL,UPL,2889473,589.0,UPL25MAYFUT,14734850,593.84,593.25,594.43,UPL25JUNFUT,14659586,598.68,598.08,599.28,UPL25JULFUT,13689346,603.52,602.92,604.12,588.41,589.59
172,VBL,VBL,4843777,507.1,VBL25MAYFUT,14735106,511.27,510.76,511.78,VBL25JUNFUT,14661890,515.44,514.92,515.96,VBL25JULFUT,13689602,519.6,519.08,520.12,506.59,507.61
173,VEDL,VEDL,784129,273.4,VEDL25MAYFUT,14735362,275.65,275.37,275.93,VEDL25JUNFUT,14662146,277.89,277.61,278.17,VEDL25JULFUT,13690370,280.14,279.86,280.42,273.13,273.67
174,VOLTAS,VOLTAS,951809,1303.2,VOLTAS25MAYFUT,14735618,1313.91,1312.6,1315.22,VOLTAS25JUNFUT,14662402,1324.62,1323.3,1325.94,VOLTAS25JULFUT,13690626,1335.33,1333.99,1336.67,1301.9,1304.5
175,WIPRO,WIPRO,969473,175.09,WIPRO25MAYFUT,14735874,176.53,176.35,176.71,WIPRO25JUNFUT,14662658,177.97,177.79,178.15,WIPRO25JULFUT,13690882,179.41,179.23,179.59,174.91,175.27
176,YESBANK,YESBANK,3050241,24.8,YESBANK25MAYFUT,14736130,25.0,24.98,25.02,YESBANK25JUNFUT,14662914,25.21,25.18,25.24,YESBANK25JULFUT,13691138,25.41,25.38,25.44,24.78,24.82
177,ZYDUSLIFE,ZYDUSLIFE,2029825,1102.0,ZYDUSLIFE25MAYFUT,14736642,1111.06,1109.95,1112.17,ZYDUSLIFE25JUNFUT,14664450,1120.12,1119.0,1121.24,ZYDUSLIFE25JULFUT,13691906,1129.17,1128.04,1130.3,1100.9,1103.1
178,WIPRO,14662658,14662658,240.3,240.2,240,0.0,14735874.0,240.9,240.75,240,0.0,14662658.0,240.3,240.2,240,0.0,0.0,0.0,0.0,0.0
179,YESBANK,14662914,14662914,17.95,17.97,17,0.0,14736130.0,17.86,17.85,17,0.0,14662914.0,17.95,17.97,17,0.0,0.0,0.0,0.0,0.0
180,ZYDUSLIFE,14664450,14664450,867.0,866.45,868,0.0,14736642.0,861.7,861.25,862,0.0,14664450.0,867.0,866.45,868,0.0,0.0,0.0,0.0,0.0
