,name,tradingsymbol_nan,instrument_token_nan,LTP_nan,tradingsymbol_MAY,instrument_token_MAY,LTP_MAY,TOP BID_MAY,TOP ASK_MAY,tradingsymbol_JUN,instrument_token_JUN,LTP_JUN,TOP BID_JUN,TOP ASK_JUN,tradingsymbol_JUL,instrument_token_JUL,LTP_JUL,TOP BID_JUL,TOP ASK_JUL,TOP BID_nan,TOP ASK_nan
0,ABB,ABB,3329,5480.0,ABB25MAYFUT,14626818,5468.5,0.0,0.0,ABB25JUNFUT,14537730,5489.5,0.0,0.0,ABB25JULFUT,13624066,5540.0,0.0,0.0,0.0,0.0
1,ABCAPITAL,ABCAPITAL,5533185,195.51,ABCAPITAL25MAYFUT,14627074,196.47,0.0,0.0,ABCAPITAL25JUNFUT,14537986,197.47,0.0,0.0,ABCAPITAL25JULFUT,13624322,199.42,0.0,0.0,0.0,0.0
2,ABFRL,ABFRL,7707649,264.45,ABFRL25MAYFUT,14627330,264.6,0.0,0.0,ABFRL25JUNFUT,14539266,265.3,0.0,0.0,ABFRL25JULFUT,13624578,264.0,0.0,0.0,0.0,0.0
3,ACC,ACC,5633,1935.0,ACC25MAYFUT,14627586,1941.0,0.0,0.0,ACC25JUNFUT,14539522,1943.1,0.0,0.0,ACC25JULFUT,13624834,1957.5,0.0,0.0,0.0,0.0
4,ADANIENSOL,ADANIENSOL,2615553,909.2,ADANIENSOL25MAYFUT,14627842,912.15,0.0,0.0,ADANIENSOL25JUNFUT,14540290,917.15,0.0,0.0,ADANIENSOL25JULFUT,13625090,926.25,0.0,0.0,0.0,0.0
5,ADANIENT,ADANIENT,6401,2346.0,ADANIENT25MAYFUT,14628098,2357.7,0.0,0.0,ADANIENT25JUNFUT,14540546,2369.5,0.0,0.0,ADANIENT25JULFUT,13625346,2399.2,0.0,0.0,0.0,0.0
6,ADANIGREEN,ADANIGREEN,912129,914.95,ADANIGREEN25MAYFUT,14628354,915.0,0.0,0.0,ADANIGREEN25JUNFUT,14540802,919.75,0.0,0.0,ADANIGREEN25JULFUT,13625602,922.2,0.0,0.0,0.0,0.0
7,ADANIPORTS,ADANIPORTS,3861249,1189.5,ADANIPORTS25MAYFUT,14628610,1191.9,0.0,0.0,ADANIPORTS25JUNFUT,14541058,1195.9,0.0,0.0,ADANIPORTS25JULFUT,13625858,1207.4,0.0,0.0,0.0,0.0
8,ALKEM,ALKEM,2995969,5040.0,ALKEM25MAYFUT,14628866,4970.6,0.0,0.0,ALKEM25JUNFUT,14542338,4986.0,0.0,0.0,ALKEM25JULFUT,13626114,5000.0,0.0,0.0,0.0,0.0
9,AMBUJACEM,AMBUJACEM,325121,548.0,AMBUJACEM25MAYFUT,14629122,549.25,0.0,0.0,AMBUJACEM25JUNFUT,14542594,551.15,0.0,0.0,AMBUJACEM25JULFUT,13628162,554.8,0.0,0.0,0.0,0.0
10,APLAPOLLO,APLAPOLLO,6599681,1600.0,APLAPOLLO25MAYFUT,14629634,1612.1,0.0,0.0,APLAPOLLO25JUNFUT,14543106,1624.3,0.0,0.0,APLAPOLLO25JULFUT,13629442,0.0,0.0,0.0,0.0,0.0
11,APOLLOHOSP,APOLLOHOSP,40193,6932.0,APOLLOHOSP25MAYFUT,14629890,6980.0,0.0,0.0,APOLLOHOSP25JUNFUT,14543362,7027.5,0.0,0.0,APOLLOHOSP25JULFUT,13629698,7103.5,0.0,0.0,0.0,0.0
12,ASHOKLEY,ASHOKLEY,54273,225.12,ASHOKLEY25MAYFUT,14630402,225.97,0.0,0.0,ASHOKLEY25JUNFUT,14543618,226.13,0.0,0.0,ASHOKLEY25JULFUT,13630466,226.05,0.0,0.0,0.0,0.0
13,ASIANPAINT,ASIANPAINT,60417,2425.7,ASIANPAINT25MAYFUT,14630658,2422.0,0.0,0.0,ASIANPAINT25JUNFUT,14544898,2414.6,0.0,0.0,ASIANPAINT25JULFUT,13630722,2430.1,0.0,0.0,0.0,0.0
14,ASTRAL,ASTRAL,3691009,1344.8,ASTRAL25MAYFUT,14630914,1345.1,0.0,0.0,ASTRAL25JUNFUT,14545154,1354.4,0.0,0.0,ASTRAL25JULFUT,13630978,1370.0,0.0,0.0,0.0,0.0
15,ATGL,ATGL,1552897,604.65,ATGL25MAYFUT,14631170,597.7,0.0,0.0,ATGL25JUNFUT,14545410,595.0,0.0,0.0,ATGL25JULFUT,13631234,600.0,0.0,0.0,0.0,0.0
16,AUBANK,AUBANK,5436929,671.0,AUBANK25MAYFUT,14631426,669.85,0.0,0.0,AUBANK25JUNFUT,14545666,659.05,0.0,0.0,AUBANK25JULFUT,13631490,0.0,0.0,0.0,0.0,0.0
17,AUROPHARMA,AUROPHARMA,70401,1217.1,AUROPHARMA25MAYFUT,14631682,1220.8,0.0,0.0,AUROPHARMA25JUNFUT,14546434,1230.1,0.0,0.0,AUROPHARMA25JULFUT,13631746,1239.0,0.0,0.0,0.0,0.0
18,AXISBANK,AXISBANK,1510401,1165.3,AXISBANK25MAYFUT,14631938,1170.8,0.0,0.0,AXISBANK25JUNFUT,14546690,1177.7,0.0,0.0,AXISBANK25JULFUT,13632002,1184.8,0.0,0.0,0.0,0.0
19,BAJAJ-AUTO,BAJAJ-AUTO,4267265,8010.5,BAJAJ-AUTO25MAYFUT,14632194,8053.5,0.0,0.0,BAJAJ-AUTO25JUNFUT,14547458,8064.0,0.0,0.0,BAJAJ-AUTO25JULFUT,13632258,8112.5,0.0,0.0,0.0,0.0
20,BAJAJFINSV,BAJAJFINSV,4268801,2045.0,BAJAJFINSV25MAYFUT,14632962,2039.0,0.0,0.0,BAJAJFINSV25JUNFUT,14547714,2051.7,0.0,0.0,BAJAJFINSV25JULFUT,13632514,2063.2,0.0,0.0,0.0,0.0
21,BAJFINANCE,BAJFINANCE,81153,9080.5,BAJFINANCE25MAYFUT,14633218,9105.0,0.0,0.0,BAJFINANCE25JUNFUT,14547970,9133.0,0.0,0.0,BAJFINANCE25JULFUT,13632770,9170.0,0.0,0.0,0.0,0.0
22,BANDHANBNK,BANDHANBNK,579329,165.5,BANDHANBNK25MAYFUT,14633730,165.47,0.0,0.0,BANDHANBNK25JUNFUT,14548482,166.25,0.0,0.0,BANDHANBNK25JULFUT,13633282,167.51,0.0,0.0,0.0,0.0
23,BANKBARODA,BANKBARODA,1195009,246.1,BANKBARODA25MAYFUT,14633986,247.01,0.0,0.0,BANKBARODA25JUNFUT,14548738,248.04,0.0,0.0,BANKBARODA25JULFUT,13633538,249.54,0.0,0.0,0.0,0.0
24,BANKINDIA,BANKINDIA,1214721,115.24,BANKINDIA25MAYFUT,14634242,115.92,0.0,0.0,BANKINDIA25JUNFUT,14548994,115.99,0.0,0.0,BANKINDIA25JULFUT,13633794,116.7,0.0,0.0,0.0,0.0
25,BEL,BEL,98049,297.0,BEL25MAYFUT,14634498,298.25,0.0,0.0,BEL25JUNFUT,14549250,300.0,0.0,0.0,BEL25JULFUT,13634050,302.0,0.0,0.0,0.0,0.0
26,BHARATFORG,BHARATFORG,108033,1082.9,BHARATFORG25MAYFUT,14634754,1079.0,0.0,0.0,BHARATFORG25JUNFUT,14549506,1073.0,0.0,0.0,BHARATFORG25JULFUT,13634306,0.0,0.0,0.0,0.0,0.0
27,BHARTIARTL,BHARTIARTL,2714625,1815.0,BHARTIARTL25MAYFUT,14635010,1825.6,0.0,0.0,BHARTIARTL25JUNFUT,14549762,1835.8,0.0,0.0,BHARTIARTL25JULFUT,13634562,1846.1,0.0,0.0,0.0,0.0
28,BHEL,BHEL,112129,220.8,BHEL25MAYFUT,14635266,221.69,0.0,0.0,BHEL25JUNFUT,14550530,222.78,0.0,0.0,BHEL25JULFUT,13634818,224.42,0.0,0.0,0.0,0.0
29,BIOCON,BIOCON,2911489,312.0,BIOCON25MAYFUT,14635522,312.65,0.0,0.0,BIOCON25JUNFUT,14550786,314.45,0.0,0.0,BIOCON25JULFUT,13635074,316.05,0.0,0.0,0.0,0.0
30,BOSCHLTD,BOSCHLTD,558337,28050.0,BOSCHLTD25MAYFUT,14635778,28030.0,0.0,0.0,BOSCHLTD25JUNFUT,14552066,28165.0,0.0,0.0,BOSCHLTD25JULFUT,13635330,28200.0,0.0,0.0,0.0,0.0
31,BPCL,BPCL,134657,295.25,BPCL25MAYFUT,14636034,296.1,0.0,0.0,BPCL25JUNFUT,14552322,298.0,0.0,0.0,BPCL25JULFUT,13635586,0.0,0.0,0.0,0.0,0.0
32,BRITANNIA,BRITANNIA,140033,5414.7,BRITANNIA25MAYFUT,14636290,5436.7,0.0,0.0,BRITANNIA25JUNFUT,14552578,5448.7,0.0,0.0,BRITANNIA25JULFUT,13635842,5500.0,0.0,0.0,0.0,0.0
33,BSE,BSE,5013761,6296.0,BSE25MAYFUT,14636546,6231.0,0.0,0.0,BSE25JUNFUT,14552834,6151.0,0.0,0.0,BSE25JULFUT,13636610,6102.0,0.0,0.0,0.0,0.0
34,CANBK,CANBK,2763265,96.26,CANBK25MAYFUT,14637314,96.34,0.0,0.0,CANBK25JUNFUT,14553602,96.85,0.0,0.0,CANBK25JULFUT,13637890,97.45,0.0,0.0,0.0,0.0
35,CGPOWER,CGPOWER,194561,630.9,CGPOWER25MAYFUT,14638082,634.25,0.0,0.0,CGPOWER25JUNFUT,14554370,638.3,0.0,0.0,CGPOWER25JULFUT,13638658,648.65,0.0,0.0,0.0,0.0
36,CHOLAFIN,CHOLAFIN,175361,1528.6,CHOLAFIN25MAYFUT,14638594,1531.0,0.0,0.0,CHOLAFIN25JUNFUT,14555394,1518.2,0.0,0.0,CHOLAFIN25JULFUT,13639170,1543.9,0.0,0.0,0.0,0.0
37,CIPLA,CIPLA,177665,1525.1,CIPLA25MAYFUT,14638850,1528.8,0.0,0.0,CIPLA25JUNFUT,14555650,1540.6,0.0,0.0,CIPLA25JULFUT,13639426,1553.0,0.0,0.0,0.0,0.0
38,COALINDIA,COALINDIA,5215745,392.65,COALINDIA25MAYFUT,14639106,392.75,0.0,0.0,COALINDIA25JUNFUT,14555906,395.9,0.0,0.0,COALINDIA25JULFUT,13639682,394.35,0.0,0.0,0.0,0.0
39,COFORGE,COFORGE,2955009,7375.0,COFORGE25MAYFUT,14639362,7375.0,0.0,0.0,COFORGE25JUNFUT,14556162,7410.0,0.0,0.0,COFORGE25JULFUT,13639938,7482.0,0.0,0.0,0.0,0.0
40,COLPAL,COLPAL,3876097,2665.0,COLPAL25MAYFUT,14639618,2636.3,0.0,0.0,COLPAL25JUNFUT,14556418,2621.6,0.0,0.0,COLPAL25JULFUT,13640706,2680.3,0.0,0.0,0.0,0.0
41,CONCOR,CONCOR,1215745,675.0,CONCOR25MAYFUT,14639874,680.5,0.0,0.0,CONCOR25JUNFUT,14556674,683.6,0.0,0.0,CONCOR25JULFUT,13641986,688.8,0.0,0.0,0.0,0.0
42,CUMMINSIND,CUMMINSIND,486657,2851.2,CUMMINSIND25MAYFUT,14640386,2863.3,0.0,0.0,CUMMINSIND25JUNFUT,14557186,2877.1,0.0,0.0,CUMMINSIND25JULFUT,13642498,2887.0,0.0,0.0,0.0,0.0
43,DABUR,DABUR,197633,484.4,DABUR25MAYFUT,14640898,485.5,0.0,0.0,DABUR25JUNFUT,14566402,488.9,0.0,0.0,DABUR25JULFUT,13643010,488.15,0.0,0.0,0.0,0.0
44,DIVISLAB,DIVISLAB,2800641,6027.0,DIVISLAB25MAYFUT,14641922,6065.0,0.0,0.0,DIVISLAB25JUNFUT,14567682,6089.0,0.0,0.0,DIVISLAB25JULFUT,13643778,0.0,0.0,0.0,0.0,0.0
45,DIXON,DIXON,5552641,16190.0,DIXON25MAYFUT,14642178,16060.0,0.0,0.0,DIXON25JUNFUT,14567938,15986.0,0.0,0.0,DIXON25JULFUT,13644034,16028.0,0.0,0.0,0.0,0.0
46,DLF,DLF,3771393,652.05,DLF25MAYFUT,14642434,654.5,0.0,0.0,DLF25JUNFUT,14568194,658.3,0.0,0.0,DLF25JULFUT,13644290,660.55,0.0,0.0,0.0,0.0
47,DMART,DMART,5097729,4374.0,DMART25MAYFUT,14642690,4366.2,0.0,0.0,DMART25JUNFUT,14568450,4313.0,0.0,0.0,DMART25JULFUT,13644546,4305.4,0.0,0.0,0.0,0.0
48,DRREDDY,DRREDDY,225537,1172.0,DRREDDY25MAYFUT,14642946,1171.5,0.0,0.0,DRREDDY25JUNFUT,14568706,1166.1,0.0,0.0,DRREDDY25JULFUT,13644802,1162.0,0.0,0.0,0.0,0.0
49,EICHERMOT,EICHERMOT,232961,5560.0,EICHERMOT25MAYFUT,14643714,5563.5,0.0,0.0,EICHERMOT25JUNFUT,14568962,5595.0,0.0,0.0,EICHERMOT25JULFUT,13645058,5615.0,0.0,0.0,0.0,0.0
50,ETERNAL,ETERNAL,1304833,227.71,ETERNAL25MAYFUT,14736386,228.0,0.0,0.0,ETERNAL25JUNFUT,14663170,227.71,0.0,0.0,ETERNAL25JULFUT,13645314,0.0,0.0,0.0,0.0,0.0
51,EXIDEIND,EXIDEIND,173057,370.15,EXIDEIND25MAYFUT,14644226,371.5,0.0,0.0,EXIDEIND25JUNFUT,14569218,373.9,0.0,0.0,EXIDEIND25JULFUT,13645570,374.5,0.0,0.0,0.0,0.0
52,FEDERALBNK,FEDERALBNK,261889,196.06,FEDERALBNK25MAYFUT,14644482,196.96,0.0,0.0,FEDERALBNK25JUNFUT,14571010,197.51,0.0,0.0,FEDERALBNK25JULFUT,13645826,198.0,0.0,0.0,0.0,0.0
53,GAIL,GAIL,1207553,186.4,GAIL25MAYFUT,14645250,186.55,0.0,0.0,GAIL25JUNFUT,14571266,187.97,0.0,0.0,GAIL25JULFUT,13646082,191.47,0.0,0.0,0.0,0.0
54,GLENMARK,GLENMARK,1895937,1361.2,GLENMARK25MAYFUT,14645506,1358.5,0.0,0.0,GLENMARK25JUNFUT,14573058,1368.9,0.0,0.0,GLENMARK25JULFUT,13646338,1380.0,0.0,0.0,0.0,0.0
55,GMRAIRPORT,GMRAIRPORT,3463169,85.42,GMRAIRPORT25MAYFUT,14645762,85.72,0.0,0.0,GMRAIRPORT25JUNFUT,14573314,86.25,0.0,0.0,GMRAIRPORT25JULFUT,13646594,87.03,0.0,0.0,0.0,0.0
56,GODREJCP,GODREJCP,2585345,1259.0,GODREJCP25MAYFUT,14646018,1259.1,0.0,0.0,GODREJCP25JUNFUT,14573570,1265.0,0.0,0.0,GODREJCP25JULFUT,13646850,0.0,0.0,0.0,0.0,0.0
57,GODREJPROP,GODREJPROP,4576001,2085.0,GODREJPROP25MAYFUT,14646786,2089.2,0.0,0.0,GODREJPROP25JUNFUT,14573826,2101.2,0.0,0.0,GODREJPROP25JULFUT,13647106,2131.2,0.0,0.0,0.0,0.0
58,GRASIM,GRASIM,315393,2732.1,GRASIM25MAYFUT,14647298,2739.9,0.0,0.0,GRASIM25JUNFUT,14574338,2758.3,0.0,0.0,GRASIM25JULFUT,13647618,0.0,0.0,0.0,0.0,0.0
59,HAL,HAL,589569,4190.0,HAL25MAYFUT,14647554,4213.1,0.0,0.0,HAL25JUNFUT,14574594,4235.0,0.0,0.0,HAL25JULFUT,13647874,4264.7,0.0,0.0,0.0,0.0
60,HAVELLS,HAVELLS,2513665,1596.0,HAVELLS25MAYFUT,14647810,1600.2,0.0,0.0,HAVELLS25JUNFUT,14574850,1604.4,0.0,0.0,HAVELLS25JULFUT,13648130,1616.1,0.0,0.0,0.0,0.0
61,HCLTECH,HCLTECH,1850625,1576.4,HCLTECH25MAYFUT,14648066,1565.9,0.0,0.0,HCLTECH25JUNFUT,14576642,1575.1,0.0,0.0,HCLTECH25JULFUT,13648386,1574.2,0.0,0.0,0.0,0.0
62,HDFCAMC,HDFCAMC,1086465,4385.0,HDFCAMC25MAYFUT,14648322,4409.6,0.0,0.0,HDFCAMC25JUNFUT,14576898,4419.0,0.0,0.0,HDFCAMC25JULFUT,13648642,4443.5,0.0,0.0,0.0,0.0
63,HDFCBANK,HDFCBANK,341249,1908.0,HDFCBANK25MAYFUT,14648578,1916.8,0.0,0.0,HDFCBANK25JUNFUT,14578178,1928.6,0.0,0.0,HDFCBANK25JULFUT,13648898,1918.4,0.0,0.0,0.0,0.0
64,HDFCLIFE,HDFCLIFE,119553,702.7,HDFCLIFE25MAYFUT,14650370,706.75,0.0,0.0,HDFCLIFE25JUNFUT,14578434,709.7,0.0,0.0,HDFCLIFE25JULFUT,13649154,709.5,0.0,0.0,0.0,0.0
65,HEROMOTOCO,HEROMOTOCO,345089,3876.0,HEROMOTOCO25MAYFUT,14650626,3887.7,0.0,0.0,HEROMOTOCO25JUNFUT,14579714,3916.6,0.0,0.0,HEROMOTOCO25JULFUT,13649410,3941.2,0.0,0.0,0.0,0.0
66,HINDALCO,HINDALCO,348929,620.15,HINDALCO25MAYFUT,14651138,621.95,0.0,0.0,HINDALCO25JUNFUT,14580226,625.6,0.0,0.0,HINDALCO25JULFUT,13650178,628.8,0.0,0.0,0.0,0.0
67,HINDPETRO,HINDPETRO,359937,380.0,HINDPETRO25MAYFUT,14652162,382.05,0.0,0.0,HINDPETRO25JUNFUT,14580738,384.85,0.0,0.0,HINDPETRO25JULFUT,13650690,386.35,0.0,0.0,0.0,0.0
68,HINDUNILVR,HINDUNILVR,356865,2328.1,HINDUNILVR25MAYFUT,14652418,2338.2,0.0,0.0,HINDUNILVR25JUNFUT,14580994,2327.0,0.0,0.0,HINDUNILVR25JULFUT,13650946,2341.3,0.0,0.0,0.0,0.0
69,HINDZINC,HINDZINC,364545,444.0,HINDZINC25MAYFUT,14582018,445.35,0.0,0.0,HINDZINC25JUNFUT,14583298,444.85,0.0,0.0,HINDZINC25JULFUT,13651202,454.8,0.0,0.0,0.0,0.0
70,HUDCO,HUDCO,5331201,219.59,HUDCO25MAYFUT,14652674,220.03,0.0,0.0,HUDCO25JUNFUT,14583554,220.65,0.0,0.0,HUDCO25JULFUT,13651458,223.0,0.0,0.0,0.0,0.0
71,ICICIBANK,ICICIBANK,1270529,1403.0,ICICIBANK25MAYFUT,14653442,1407.5,0.0,0.0,ICICIBANK25JUNFUT,14583810,1415.7,0.0,0.0,ICICIBANK25JULFUT,13651714,1417.0,0.0,0.0,0.0,0.0
72,ICICIGI,ICICIGI,5573121,1855.0,ICICIGI25MAYFUT,14653698,1856.1,0.0,0.0,ICICIGI25JUNFUT,14584066,1862.0,0.0,0.0,ICICIGI25JULFUT,13651970,0.0,0.0,0.0,0.0,0.0
73,ICICIPRULI,ICICIPRULI,4774913,591.8,ICICIPRULI25MAYFUT,14653954,597.55,0.0,0.0,ICICIPRULI25JUNFUT,14584322,600.35,0.0,0.0,ICICIPRULI25JULFUT,13652226,0.0,0.0,0.0,0.0,0.0
74,IDEA,IDEA,3677697,7.46,IDEA25MAYFUT,14654210,7.48,0.0,0.0,IDEA25JUNFUT,14584578,7.54,0.0,0.0,IDEA25JULFUT,13652482,7.6,0.0,0.0,0.0,0.0
75,IDFCFIRSTB,IDFCFIRSTB,2863105,65.99,IDFCFIRSTB25MAYFUT,14654466,66.14,0.0,0.0,IDFCFIRSTB25JUNFUT,14584834,66.48,0.0,0.0,IDFCFIRSTB25JULFUT,13653506,66.7,0.0,0.0,0.0,0.0
76,IGL,IGL,2883073,178.4,IGL25MAYFUT,14660354,175.1,0.0,0.0,IGL25JUNFUT,14588418,172.94,0.0,0.0,IGL25JULFUT,13654018,171.5,0.0,0.0,0.0,0.0
77,INDHOTEL,INDHOTEL,387073,784.85,INDHOTEL25MAYFUT,14661378,784.4,0.0,0.0,INDHOTEL25JUNFUT,14588930,787.1,0.0,0.0,INDHOTEL25JULFUT,13654530,798.0,0.0,0.0,0.0,0.0
78,INDIANB,INDIANB,3663105,566.95,INDIANB25MAYFUT,14661634,567.25,0.0,0.0,INDIANB25JUNFUT,14589186,565.25,0.0,0.0,INDIANB25JULFUT,13654786,562.75,0.0,0.0,0.0,0.0
79,INDIGO,INDIGO,2865921,5313.0,INDIGO25MAYFUT,14663426,5305.0,0.0,0.0,INDIGO25JUNFUT,14589442,5338.5,0.0,0.0,INDIGO25JULFUT,13655042,5365.0,0.0,0.0,0.0,0.0
80,INDUSINDBK,INDUSINDBK,1346049,820.0,INDUSINDBK25MAYFUT,14663682,822.2,0.0,0.0,INDUSINDBK25JUNFUT,14589698,823.0,0.0,0.0,INDUSINDBK25JULFUT,13655298,828.9,0.0,0.0,0.0,0.0
81,INDUSTOWER,INDUSTOWER,7458561,397.0,INDUSTOWER25MAYFUT,14663938,397.7,0.0,0.0,INDUSTOWER25JUNFUT,14590466,399.8,0.0,0.0,INDUSTOWER25JULFUT,13655554,401.75,0.0,0.0,0.0,0.0
82,INFY,INFY,408065,1480.0,INFY25MAYFUT,14664194,1486.3,0.0,0.0,INFY25JUNFUT,14590722,1473.0,0.0,0.0,INFY25JULFUT,13655810,1483.0,0.0,0.0,0.0,0.0
83,IOC,IOC,415745,134.5,IOC25MAYFUT,14664962,134.71,0.0,0.0,IOC25JUNFUT,14592770,135.67,0.0,0.0,IOC25JULFUT,13656322,136.38,0.0,0.0,0.0,0.0
84,IRB,IRB,3920129,46.76,IRB25MAYFUT,14665218,46.7,0.0,0.0,IRB25JUNFUT,14593026,47.02,0.0,0.0,IRB25JULFUT,13656578,47.41,0.0,0.0,0.0,0.0
85,IRCTC,IRCTC,3484417,751.1,IRCTC25MAYFUT,14678018,754.25,0.0,0.0,IRCTC25JUNFUT,14593282,758.7,0.0,0.0,IRCTC25JULFUT,13656834,768.0,0.0,0.0,0.0,0.0
86,IREDA,IREDA,5186817,166.71,IREDA25MAYFUT,14679810,163.15,0.0,0.0,IREDA25JUNFUT,14594562,155.1,0.0,0.0,IREDA25JULFUT,13657090,160.52,0.0,0.0,0.0,0.0
87,IRFC,IRFC,519425,128.0,IRFC25MAYFUT,14681602,123.2,0.0,0.0,IRFC25JUNFUT,14594818,118.93,0.0,0.0,IRFC25JULFUT,13657858,122.27,0.0,0.0,0.0,0.0
88,ITC,ITC,424961,427.6,ITC25MAYFUT,14681858,429.0,0.0,0.0,ITC25JUNFUT,14595074,428.5,0.0,0.0,ITC25JULFUT,13658114,430.7,0.0,0.0,0.0,0.0
89,JINDALSTEL,JINDALSTEL,1723649,888.35,JINDALSTEL25MAYFUT,14683138,893.65,0.0,0.0,JINDALSTEL25JUNFUT,14595330,897.35,0.0,0.0,JINDALSTEL25JULFUT,13658370,906.9,0.0,0.0,0.0,0.0
90,JIOFIN,JIOFIN,4644609,252.39,JIOFIN25MAYFUT,14683394,253.3,0.0,0.0,JIOFIN25JUNFUT,14597122,255.0,0.0,0.0,JIOFIN25JULFUT,13658626,256.5,0.0,0.0,0.0,0.0
91,JSWENERGY,JSWENERGY,4574465,481.45,JSWENERGY25MAYFUT,14683906,482.5,0.0,0.0,JSWENERGY25JUNFUT,14598146,485.15,0.0,0.0,JSWENERGY25JULFUT,13659650,489.55,0.0,0.0,0.0,0.0
92,JSWSTEEL,JSWSTEEL,3001089,1021.4,JSWSTEEL25MAYFUT,14685186,1029.0,0.0,0.0,JSWSTEEL25JUNFUT,14598402,1037.0,0.0,0.0,JSWSTEEL25JULFUT,13659906,1045.0,0.0,0.0,0.0,0.0
93,JUBLFOOD,JUBLFOOD,4632577,695.0,JUBLFOOD25MAYFUT,14685442,698.9,0.0,0.0,JUBLFOOD25JUNFUT,14598658,699.9,0.0,0.0,JUBLFOOD25JULFUT,13661698,0.0,0.0,0.0,0.0,0.0
94,KALYANKJIL,KALYANKJIL,756481,500.1,KALYANKJIL25MAYFUT,14687746,501.3,0.0,0.0,KALYANKJIL25JUNFUT,14598914,497.95,0.0,0.0,KALYANKJIL25JULFUT,13661954,497.9,0.0,0.0,0.0,0.0
95,KOTAKBANK,KOTAKBANK,492033,2196.6,KOTAKBANK25MAYFUT,14688258,2208.3,0.0,0.0,KOTAKBANK25JUNFUT,14600450,2222.3,0.0,0.0,KOTAKBANK25JULFUT,13662466,2247.7,0.0,0.0,0.0,0.0
96,KPITTECH,KPITTECH,2478849,1218.1,KPITTECH25MAYFUT,14688514,1218.1,0.0,0.0,KPITTECH25JUNFUT,14600706,1215.0,0.0,0.0,KPITTECH25JULFUT,13662722,1216.5,0.0,0.0,0.0,0.0
97,LICHSGFIN,LICHSGFIN,511233,597.05,LICHSGFIN25MAYFUT,14690562,594.45,0.0,0.0,LICHSGFIN25JUNFUT,14601730,598.05,0.0,0.0,LICHSGFIN25JULFUT,13663234,601.1,0.0,0.0,0.0,0.0
98,LICI,LICI,2426881,789.4,LICI25MAYFUT,14692354,794.05,0.0,0.0,LICI25JUNFUT,14601986,798.2,0.0,0.0,LICI25JULFUT,13663490,802.0,0.0,0.0,0.0,0.0
99,LODHA,LODHA,824321,1298.0,LODHA25MAYFUT,14692610,1279.0,0.0,0.0,LODHA25JUNFUT,14602754,1252.3,0.0,0.0,LODHA25JULFUT,13663746,1263.0,0.0,0.0,0.0,0.0
100,LT,LT,2939649,3268.0,LT25MAYFUT,14700546,3283.9,0.0,0.0,LT25JUNFUT,14603010,3282.3,0.0,0.0,LT25JULFUT,13664002,3298.0,0.0,0.0,0.0,0.0
101,LTF,LTF,6386689,171.95,LTF25MAYFUT,14700802,166.5,0.0,0.0,LTF25JUNFUT,14604290,161.2,0.0,0.0,LTF25JULFUT,13664258,164.57,0.0,0.0,0.0,0.0
102,LTIM,LTIM,4561409,4480.0,LTIM25MAYFUT,14701058,4504.0,0.0,0.0,LTIM25JUNFUT,14604546,4509.5,0.0,0.0,LTIM25JULFUT,13664514,4574.9,0.0,0.0,0.0,0.0
103,LUPIN,LUPIN,2672641,2022.0,LUPIN25MAYFUT,14701314,2029.7,0.0,0.0,LUPIN25JUNFUT,14604802,2039.1,0.0,0.0,LUPIN25JULFUT,13664770,2048.5,0.0,0.0,0.0,0.0
104,M&M,M&M,519937,2865.0,M&M25MAYFUT,14704130,2872.5,0.0,0.0,M&M25JUNFUT,14605058,2885.2,0.0,0.0,M&M25JULFUT,13665026,2896.1,0.0,0.0,0.0,0.0
105,M&MFIN,M&MFIN,3400961,263.4,M&MFIN25MAYFUT,14704386,261.1,0.0,0.0,M&MFIN25JUNFUT,14605314,259.8,0.0,0.0,M&MFIN25JULFUT,13665282,259.25,0.0,0.0,0.0,0.0
106,MARICO,MARICO,1041153,710.0,MARICO25MAYFUT,14704898,714.85,0.0,0.0,MARICO25JUNFUT,14605826,715.1,0.0,0.0,MARICO25JULFUT,13665794,0.0,0.0,0.0,0.0,0.0
107,MARUTI,MARUTI,2815745,11650.0,MARUTI25MAYFUT,14705154,11610.0,0.0,0.0,MARUTI25JUNFUT,14606082,11632.0,0.0,0.0,MARUTI25JULFUT,13666050,11667.0,0.0,0.0,0.0,0.0
108,MAXHEALTH,MAXHEALTH,5728513,1065.7,MAXHEALTH25MAYFUT,14705410,1072.0,0.0,0.0,MAXHEALTH25JUNFUT,14606338,1075.5,0.0,0.0,MAXHEALTH25JULFUT,13666306,1084.0,0.0,0.0,0.0,0.0
109,MFSL,MFSL,548353,1263.8,MFSL25MAYFUT,14705922,1268.8,0.0,0.0,MFSL25JUNFUT,14606850,1266.5,0.0,0.0,MFSL25JULFUT,13666818,0.0,0.0,0.0,0.0,0.0
110,MOTHERSON,MOTHERSON,1076225,133.32,MOTHERSON25MAYFUT,14706434,133.54,0.0,0.0,MOTHERSON25JUNFUT,14607362,134.75,0.0,0.0,MOTHERSON25JULFUT,13667330,134.2,0.0,0.0,0.0,0.0
111,MPHASIS,MPHASIS,1152769,2524.0,MPHASIS25MAYFUT,14707202,2535.5,0.0,0.0,MPHASIS25JUNFUT,14607618,2547.2,0.0,0.0,MPHASIS25JULFUT,13667586,2583.3,0.0,0.0,0.0,0.0
112,MUTHOOTFIN,MUTHOOTFIN,6054401,2093.7,MUTHOOTFIN25MAYFUT,14710274,2107.1,0.0,0.0,MUTHOOTFIN25JUNFUT,14607874,2113.7,0.0,0.0,MUTHOOTFIN25JULFUT,13667842,0.0,0.0,0.0,0.0,0.0
113,NATIONALUM,NATIONALUM,1629185,155.89,NATIONALUM25MAYFUT,14710530,156.51,0.0,0.0,NATIONALUM25JUNFUT,14608130,157.47,0.0,0.0,NATIONALUM25JULFUT,13668098,158.64,0.0,0.0,0.0,0.0
114,NAUKRI,NAUKRI,3520257,7034.0,NAUKRI25MAYFUT,14711298,7023.0,0.0,0.0,NAUKRI25JUNFUT,14608386,7082.5,0.0,0.0,NAUKRI25JULFUT,13668354,0.0,0.0,0.0,0.0,0.0
115,NESTLEIND,NESTLEIND,4598529,2410.0,NESTLEIND25MAYFUT,14712066,2416.7,0.0,0.0,NESTLEIND25JUNFUT,14609154,2430.0,0.0,0.0,NESTLEIND25JULFUT,13669122,2437.8,0.0,0.0,0.0,0.0
116,NHPC,NHPC,4454401,85.8,NHPC25MAYFUT,14712834,86.17,0.0,0.0,NHPC25JUNFUT,14609410,86.6,0.0,0.0,NHPC25JULFUT,13669378,87.05,0.0,0.0,0.0,0.0
117,NMDC,NMDC,3924993,65.0,NMDC25MAYFUT,14713090,65.05,0.0,0.0,NMDC25JUNFUT,14609666,65.38,0.0,0.0,NMDC25JULFUT,13669634,65.95,0.0,0.0,0.0,0.0
118,NTPC,NTPC,2977281,355.5,NTPC25MAYFUT,14713346,356.1,0.0,0.0,NTPC25JUNFUT,14609922,358.4,0.0,0.0,NTPC25JULFUT,13669890,360.9,0.0,0.0,0.0,0.0
119,NYKAA,NYKAA,1675521,191.18,NYKAA25MAYFUT,14713602,189.86,0.0,0.0,NYKAA25JUNFUT,14610178,186.5,0.0,0.0,NYKAA25JULFUT,13670146,187.86,0.0,0.0,0.0,0.0
120,OBEROIRLTY,OBEROIRLTY,5181953,1601.0,OBEROIRLTY25MAYFUT,14713858,1591.6,0.0,0.0,OBEROIRLTY25JUNFUT,14610434,1574.4,0.0,0.0,OBEROIRLTY25JULFUT,13670914,1559.0,0.0,0.0,0.0,0.0
121,OFSS,OFSS,2748929,8582.0,OFSS25MAYFUT,14714114,8658.0,0.0,0.0,OFSS25JUNFUT,14610690,8679.0,0.0,0.0,OFSS25JULFUT,13671170,0.0,0.0,0.0,0.0,0.0
122,OIL,OIL,4464129,397.6,OIL25MAYFUT,14714370,397.85,0.0,0.0,OIL25JUNFUT,14610946,399.4,0.0,0.0,OIL25JULFUT,13671426,397.7,0.0,0.0,0.0,0.0
123,ONGC,ONGC,633601,246.0,ONGC25MAYFUT,14714626,247.26,0.0,0.0,ONGC25JUNFUT,14611202,249.01,0.0,0.0,ONGC25JULFUT,13671682,250.81,0.0,0.0,0.0,0.0
124,PAGEIND,PAGEIND,3689729,44500.0,PAGEIND25MAYFUT,14714882,44595.0,0.0,0.0,PAGEIND25JUNFUT,14611714,43945.0,0.0,0.0,PAGEIND25JULFUT,13671938,44000.0,0.0,0.0,0.0,0.0
125,PATANJALI,PATANJALI,4359425,1965.0,PATANJALI25MAYFUT,14716162,1967.0,0.0,0.0,PATANJALI25JUNFUT,14612226,1978.9,0.0,0.0,PATANJALI25JULFUT,13672194,1978.1,0.0,0.0,0.0,0.0
126,PAYTM,PAYTM,1716481,874.5,PAYTM25MAYFUT,14716418,876.0,0.0,0.0,PAYTM25JUNFUT,14612482,881.05,0.0,0.0,PAYTM25JULFUT,13672450,885.35,0.0,0.0,0.0,0.0
127,PERSISTENT,PERSISTENT,4701441,5259.0,PERSISTENT25MAYFUT,14716930,5271.5,0.0,0.0,PERSISTENT25JUNFUT,14612994,5297.0,0.0,0.0,PERSISTENT25JULFUT,13673730,5325.0,0.0,0.0,0.0,0.0
128,PETRONET,PETRONET,2905857,309.0,PETRONET25MAYFUT,14717186,308.95,0.0,0.0,PETRONET25JUNFUT,14613250,311.75,0.0,0.0,PETRONET25JULFUT,13673986,311.4,0.0,0.0,0.0,0.0
129,PFC,PFC,3660545,412.0,PFC25MAYFUT,14717954,413.5,0.0,0.0,PFC25JUNFUT,14613506,415.15,0.0,0.0,PFC25JULFUT,13674242,417.65,0.0,0.0,0.0,0.0
130,PHOENIXLTD,PHOENIXLTD,3725313,1623.8,PHOENIXLTD25MAYFUT,14718210,1623.3,0.0,0.0,PHOENIXLTD25JUNFUT,14613762,1634.5,0.0,0.0,PHOENIXLTD25JULFUT,13674498,0.0,0.0,0.0,0.0,0.0
131,PIDILITIND,PIDILITIND,681985,3006.0,PIDILITIND25MAYFUT,14718466,3017.5,0.0,0.0,PIDILITIND25JUNFUT,14614018,3031.5,0.0,0.0,PIDILITIND25JULFUT,13675010,3092.0,0.0,0.0,0.0,0.0
132,PIIND,PIIND,6191105,3585.0,PIIND25MAYFUT,14718722,3593.6,0.0,0.0,PIIND25JUNFUT,14614274,3615.0,0.0,0.0,PIIND25JULFUT,13675266,0.0,0.0,0.0,0.0,0.0
133,PNB,PNB,2730497,98.99,PNB25MAYFUT,14718978,99.2,0.0,0.0,PNB25JUNFUT,14614530,99.24,0.0,0.0,PNB25JULFUT,13675522,100.0,0.0,0.0,0.0,0.0
134,POLICYBZR,POLICYBZR,1703937,1593.5,POLICYBZR25MAYFUT,14719234,1598.4,0.0,0.0,POLICYBZR25JUNFUT,14615554,1603.8,0.0,0.0,POLICYBZR25JULFUT,13676034,0.0,0.0,0.0,0.0,0.0
135,POLYCAB,POLYCAB,2455041,5483.5,POLYCAB25MAYFUT,14719490,5503.0,0.0,0.0,POLYCAB25JUNFUT,14615810,5523.0,0.0,0.0,POLYCAB25JULFUT,13676290,5538.0,0.0,0.0,0.0,0.0
136,POWERGRID,POWERGRID,3834113,305.3,POWERGRID25MAYFUT,14720514,307.6,0.0,0.0,POWERGRID25JUNFUT,14616322,309.1,0.0,0.0,POWERGRID25JULFUT,13676802,313.65,0.0,0.0,0.0,0.0
137,PRESTIGE,PRESTIGE,5197313,1261.8,PRESTIGE25MAYFUT,14720770,1260.7,0.0,0.0,PRESTIGE25JUNFUT,14617602,1269.4,0.0,0.0,PRESTIGE25JULFUT,13677058,1280.0,0.0,0.0,0.0,0.0
138,RECLTD,RECLTD,3930881,421.0,RECLTD25MAYFUT,14721538,420.55,0.0,0.0,RECLTD25JUNFUT,14618626,422.0,0.0,0.0,RECLTD25JULFUT,13677570,425.95,0.0,0.0,0.0,0.0
139,RELIANCE,RELIANCE,738561,1301.0,RELIANCE25MAYFUT,14721794,1307.4,0.0,0.0,RELIANCE25JUNFUT,14618882,1315.0,0.0,0.0,RELIANCE25JULFUT,13677826,1323.8,0.0,0.0,0.0,0.0
140,SAIL,SAIL,758529,114.44,SAIL25MAYFUT,14723074,114.85,0.0,0.0,SAIL25JUNFUT,14620162,115.41,0.0,0.0,SAIL25JULFUT,13678082,116.19,0.0,0.0,0.0,0.0
141,SBICARD,SBICARD,4600577,864.85,SBICARD25MAYFUT,14723330,862.55,0.0,0.0,SBICARD25JUNFUT,14620418,863.2,0.0,0.0,SBICARD25JULFUT,13678338,866.5,0.0,0.0,0.0,0.0
142,SBILIFE,SBILIFE,5582849,1691.0,SBILIFE25MAYFUT,14723586,1696.1,0.0,0.0,SBILIFE25JUNFUT,14620674,1707.0,0.0,0.0,SBILIFE25JULFUT,13678594,1710.9,0.0,0.0,0.0,0.0
143,SBIN,SBIN,779521,797.4,SBIN25MAYFUT,14723842,793.2,0.0,0.0,SBIN25JUNFUT,14620930,795.05,0.0,0.0,SBIN25JULFUT,13678850,800.8,0.0,0.0,0.0,0.0
144,SHREECEM,SHREECEM,794369,30460.0,SHREECEM25MAYFUT,14724098,30660.0,0.0,0.0,SHREECEM25JUNFUT,14621186,30665.0,0.0,0.0,SHREECEM25JULFUT,13679106,30490.0,0.0,0.0,0.0,0.0
145,SHRIRAMFIN,SHRIRAMFIN,1102337,640.0,SHRIRAMFIN25MAYFUT,14724354,640.35,0.0,0.0,SHRIRAMFIN25JUNFUT,14621442,643.45,0.0,0.0,SHRIRAMFIN25JULFUT,13679362,645.0,0.0,0.0,0.0,0.0
146,SIEMENS,SIEMENS,806401,2832.0,SIEMENS25MAYFUT,14724610,2832.0,0.0,0.0,SIEMENS25JUNFUT,14622722,2851.0,0.0,0.0,SIEMENS25JULFUT,13679618,2880.0,0.0,0.0,0.0,0.0
147,SJVN,SJVN,4834049,96.0,SJVN25MAYFUT,14724866,95.74,0.0,0.0,SJVN25JUNFUT,14622978,94.4,0.0,0.0,SJVN25JULFUT,13679874,92.4,0.0,0.0,0.0,0.0
148,SOLARINDS,SOLARINDS,3412993,12714.0,SOLARINDS25MAYFUT,14725122,12681.0,0.0,0.0,SOLARINDS25JUNFUT,14623234,12790.0,0.0,0.0,SOLARINDS25JULFUT,13680130,12850.0,0.0,0.0,0.0,0.0
149,SONACOMS,SONACOMS,1199105,453.3,SONACOMS25MAYFUT,14725378,447.0,0.0,0.0,SONACOMS25JUNFUT,14623490,437.8,0.0,0.0,SONACOMS25JULFUT,13680386,444.7,0.0,0.0,0.0,0.0
150,SRF,SRF,837889,2979.0,SRF25MAYFUT,14725634,2967.5,0.0,0.0,SRF25JUNFUT,14624770,2980.0,0.0,0.0,SRF25JULFUT,13680642,3000.0,0.0,0.0,0.0,0.0
151,SUNPHARMA,SUNPHARMA,857857,1781.8,SUNPHARMA25MAYFUT,14725890,1786.7,0.0,0.0,SUNPHARMA25JUNFUT,14625026,1797.0,0.0,0.0,SUNPHARMA25JULFUT,13680898,0.0,0.0,0.0,0.0,0.0
152,SUPREMEIND,SUPREMEIND,860929,3471.7,SUPREMEIND25MAYFUT,14726146,3472.8,0.0,0.0,SUPREMEIND25JUNFUT,14643202,3479.8,0.0,0.0,SUPREMEIND25JULFUT,13681154,3560.0,0.0,0.0,0.0,0.0
153,TATACOMM,TATACOMM,952577,1564.2,TATACOMM25MAYFUT,14726914,1564.8,0.0,0.0,TATACOMM25JUNFUT,14649090,1566.1,0.0,0.0,TATACOMM25JULFUT,13682946,1576.4,0.0,0.0,0.0,0.0
154,TATACONSUM,TATACONSUM,878593,1149.0,TATACONSUM25MAYFUT,14727682,1151.2,0.0,0.0,TATACONSUM25JUNFUT,14649346,1154.2,0.0,0.0,TATACONSUM25JULFUT,13683202,1165.6,0.0,0.0,0.0,0.0
155,TATAELXSI,TATAELXSI,873217,5600.0,TATAELXSI25MAYFUT,14727938,5522.0,0.0,0.0,TATAELXSI25JUNFUT,14649602,5368.0,0.0,0.0,TATAELXSI25JULFUT,13683458,5424.0,0.0,0.0,0.0,0.0
156,TATAMOTORS,TATAMOTORS,884737,654.15,TATAMOTORS25MAYFUT,14728194,657.75,0.0,0.0,TATAMOTORS25JUNFUT,14652930,659.3,0.0,0.0,TATAMOTORS25JULFUT,13683714,663.25,0.0,0.0,0.0,0.0
157,TATAPOWER,TATAPOWER,877057,386.8,TATAPOWER25MAYFUT,14728450,388.15,0.0,0.0,TATAPOWER25JUNFUT,14653186,389.35,0.0,0.0,TATAPOWER25JULFUT,13683970,390.5,0.0,0.0,0.0,0.0
158,TATASTEEL,TATASTEEL,895745,138.54,TATASTEEL25MAYFUT,14728706,138.68,0.0,0.0,TATASTEEL25JUNFUT,14655490,139.65,0.0,0.0,TATASTEEL25JULFUT,13684226,140.4,0.0,0.0,0.0,0.0
159,TATATECH,TATATECH,5195009,692.0,TATATECH25MAYFUT,14729474,684.9,0.0,0.0,TATATECH25JUNFUT,14655746,660.0,0.0,0.0,TATATECH25JULFUT,13684482,657.35,0.0,0.0,0.0,0.0
160,TCS,TCS,2953217,3434.0,TCS25MAYFUT,14729730,3429.9,0.0,0.0,TCS25JUNFUT,14656002,3436.6,0.0,0.0,TCS25JULFUT,13685762,3451.0,0.0,0.0,0.0,0.0
161,TECHM,TECHM,3465729,1460.0,TECHM25MAYFUT,14729986,1462.2,0.0,0.0,TECHM25JUNFUT,14656258,1471.9,0.0,0.0,TECHM25JULFUT,13686018,1487.4,0.0,0.0,0.0,0.0
162,TIINDIA,TIINDIA,79873,2570.0,TIINDIA25MAYFUT,14730242,2581.0,0.0,0.0,TIINDIA25JUNFUT,14656514,2595.2,0.0,0.0,TIINDIA25JULFUT,13686786,2645.2,0.0,0.0,0.0,0.0
163,TITAN,TITAN,897537,3357.0,TITAN25MAYFUT,14731778,3367.0,0.0,0.0,TITAN25JUNFUT,14657026,3385.0,0.0,0.0,TITAN25JULFUT,13687298,3404.9,0.0,0.0,0.0,0.0
164,TORNTPHARM,TORNTPHARM,900609,3240.0,TORNTPHARM25MAYFUT,14732034,3244.3,0.0,0.0,TORNTPHARM25JUNFUT,14657282,3255.0,0.0,0.0,TORNTPHARM25JULFUT,13687554,3256.1,0.0,0.0,0.0,0.0
165,TORNTPOWER,TORNTPOWER,3529217,1538.3,TORNTPOWER25MAYFUT,14733314,1545.0,0.0,0.0,TORNTPOWER25JUNFUT,14657538,1550.3,0.0,0.0,TORNTPOWER25JULFUT,13687810,0.0,0.0,0.0,0.0,0.0
166,TRENT,TRENT,502785,5124.0,TRENT25MAYFUT,14733570,5140.0,0.0,0.0,TRENT25JUNFUT,14657794,5169.0,0.0,0.0,TRENT25JULFUT,13688066,5204.0,0.0,0.0,0.0,0.0
167,TVSMOTOR,TVSMOTOR,2170625,2735.7,TVSMOTOR25MAYFUT,14733826,2740.0,0.0,0.0,TVSMOTOR25JUNFUT,14658050,2754.9,0.0,0.0,TVSMOTOR25JULFUT,13688322,0.0,0.0,0.0,0.0,0.0
168,ULTRACEMCO,ULTRACEMCO,2952193,12190.0,ULTRACEMCO25MAYFUT,14734082,12240.0,0.0,0.0,ULTRACEMCO25JUNFUT,14658818,12300.0,0.0,0.0,ULTRACEMCO25JULFUT,13688578,12280.0,0.0,0.0,0.0,0.0
169,UNIONBANK,UNIONBANK,2752769,124.51,UNIONBANK25MAYFUT,14734338,124.87,0.0,0.0,UNIONBANK25JUNFUT,14659074,125.54,0.0,0.0,UNIONBANK25JULFUT,13688834,126.17,0.0,0.0,0.0,0.0
170,UNITDSPR,UNITDSPR,2674433,1543.3,UNITDSPR25MAYFUT,14734594,1550.5,0.0,0.0,UNITDSPR25JUNFUT,14659330,1560.9,0.0,0.0,UNITDSPR25JULFUT,13689090,1565.0,0.0,0.0,0.0,0.0
171,UPL,UPL,2889473,659.95,UPL25MAYFUT,14734850,660.5,0.0,0.0,UPL25JUNFUT,14659586,665.0,0.0,0.0,UPL25JULFUT,13689346,668.25,0.0,0.0,0.0,0.0
172,VBL,VBL,4843777,519.8,VBL25MAYFUT,14735106,522.8,0.0,0.0,VBL25JUNFUT,14661890,525.85,0.0,0.0,VBL25JULFUT,13689602,529.85,0.0,0.0,0.0,0.0
173,VEDL,VEDL,784129,412.3,VEDL25MAYFUT,14735362,412.3,0.0,0.0,VEDL25JUNFUT,14662146,414.25,0.0,0.0,VEDL25JULFUT,13690370,416.0,0.0,0.0,0.0,0.0
174,VOLTAS,VOLTAS,951809,1227.0,VOLTAS25MAYFUT,14735618,1232.0,0.0,0.0,VOLTAS25JUNFUT,14662402,1235.0,0.0,0.0,VOLTAS25JULFUT,13690626,1241.4,0.0,0.0,0.0,0.0
175,WIPRO,WIPRO,969473,240.5,WIPRO25MAYFUT,14735874,240.9,0.0,0.0,WIPRO25JUNFUT,14662658,240.3,0.0,0.0,WIPRO25JULFUT,13690882,240.4,0.0,0.0,0.0,0.0
176,YESBANK,YESBANK,3050241,17.77,YESBANK25MAYFUT,14736130,17.86,0.0,0.0,YESBANK25JUNFUT,14662914,17.95,0.0,0.0,YESBANK25JULFUT,13691138,18.08,0.0,0.0,0.0,0.0
177,ZYDUSLIFE,ZYDUSLIFE,2029825,858.7,ZYDUSLIFE25MAYFUT,14736642,861.7,0.0,0.0,ZYDUSLIFE25JUNFUT,14664450,867.0,0.0,0.0,ZYDUSLIFE25JULFUT,13691906,871.0,0.0,0.0,0.0,0.0
178,WIPRO,14662658,14662658,240.3,240.2,240,WIPRO25MAYFUT,14735874.0,240.9,240.75,240,WIPRO25JUNFUT,14662658.0,240.3,240.2,240,,,,0.0,0.0
179,YESBANK,14662914,14662914,17.95,17.97,17,YESBANK25MAYFUT,14736130.0,17.86,17.85,17,YESBANK25JUNFUT,14662914.0,17.95,17.97,17,,,,0.0,0.0
180,ZYDUSLIFE,14664450,14664450,867.0,866.45,868,ZYDUSLIFE25MAYFUT,14736642.0,861.7,861.25,862,ZYDUSLIFE25JUNFUT,14664450.0,867.0,866.45,868,,,,0.0,0.0
